-- DROP DATABASE IF EXISTS instagram_db;
-- CREATE DATABASE instagram_db;

-- \c instagram_db;

DROP TABLE IF EXISTS comments;
DROP TABLE IF EXISTS posts;
DROP TABLE IF EXISTS users; 


CREATE TABLE users(
id VARCHAR PRIMARY KEY,
email VARCHAR,
username VARCHAR,
profile_pic VARCHAR
);

CREATE TABLE posts(
id SERIAL PRIMARY KEY,
user_id VARCHAR REFERENCES users(id),
pictures VARCHAR,
content VARCHAR
);

CREATE TABLE comments(
id SERIAL PRIMARY KEY,
commenters_id VARCHAR REFERENCES users(id) ON DELETE CASCADE,
post_id INT REFERENCES posts(id) ON DELETE CASCADE,
content TEXT
-- time TIMESTAMP WITH TIME ZONE DEFAULT CURRENT_TIMESTAMP
);

-- CREATE TABLE profile_pic(
-- id SERIAL PRIMARY KEY,
-- users_profile_pic_id VARCHAR REFERENCES users(id) ON DELETE CASCADE,
-- profile_picture VARCHAR,
-- time TIMESTAMP WITH TIME ZONE DEFAULT CURRENT_TIMESTAMP
-- );

INSERT INTO users
(id, email, username, profile_pic)
VALUES
('pJ9i7hRlqfbcWeT69H4e1q2VQfI2', 'rafffidhos@yahoo.com', 'Kobefan1995', 'data:image/jpeg;base64,/9j/4AAQSkZJRgABAQAAAQABAAD/2wCEAAkGBxMTEhUSExMVFRUXGRoWGBcYGBcXFxcVFxUXGhYWGBUYHSggGB0lHRgVIjEhJSkrLi4uFx8zODMtNygtLisBCgoKDg0OGhAQGi0dHR0tLS0tLS0tLS0tLS0tLS0tLS0rLS0tLS0tLS0tLS0tLS0tLS0tLS0tLS0tLS0tLSstLf/AABEIARYAtgMBEQACEQEDEQH/xAAcAAACAwEBAQEAAAAAAAAAAAAEBQMGBwIBAAj/xABDEAABAwIEAgcGAwYDCAMAAAABAgMRAAQFEiExQVEGEyJhcYGRBzKhscHwI0LRUmJygpLhFDOiFSQlQ2NzsvEWo8L/xAAbAQACAwEBAQAAAAAAAAAAAAACAwABBAUGB//EADYRAAICAQQABAQDBgYDAAAAAAABAhEDBBIhMQUTQVEiMmFxQoGhBiMzkbHBFBVS4fDxYnLR/9oADAMBAAIRAxEAPwAa5gJrK2NKhjK50p+MVIL6J2Q3jWungx+opl8aZEa1sRRUukGIpCi2nU0GZ0glyAWbE1w8r5NKR3eWwAoURoQXaIOlPiKYI4TVgsFcqERDNUSye0T2qqXRcS6YQABWaXY5B9/EVEGyn4onWtEDPIDaFMFhSXNN6tFELpqmEetW+alyYUUMW8OEUveG4kL9tlpkZ2BtJ7FzWjTBaH1ttRUUN79wAc6w7bNLKTiq5NasURMmWXoMiUiurj6FepdLlnsmOVHF8lszDHUZXj31M9bS8bO7K6764eRcmhMluLkEb0KI2JroyadEWwSJowWSotZ4Ve1lqJy9Zd1A+AtpCy1lUKBsiRZbByKQ+xqCLt/TeoW2V2/XWiAiQG3TBYQahRCoTVMJILszFKkhkRywoRSgwO9cFFEjBLdUGmpimh5bXIii3AuLD7x8EaGkxRosr2I61oh2JmWHoI+BpyNb8UuBRenrgZaZ0WZV01eHWAjvpObJwVj7K81cGudPkemNbeSKAImNvoatMjRCLeOFNiytoTaNhSoG9aZNKJaRabLo6Fia4ep1iizRHHYLifRwDYVlhrlJklhoTN2agYANa/Oi+xdUeXFsvj8qbGafRTIP9lqVwmnxnQpqyJ7C1J1imKQDiDLbijBoiUihbDQRaMZjQMNDRFmY0oAzj/Za1GoVRL/sRQFXuBcQZTCkmKlkohVfHaaNJFWcxNEnRTVhGFXZaUafjyULaHlx0jTl3pzy8FUUfFb3rnCrhwrNOW4ijTPGGaTIahvZ6UsYg9t2rLJEtTTIIFsa4JhgK9qvUNqPBMbTZodhaAACvHa5ZG6XZ0sbSXIuuj1xKWRmA0LmuTvCI1WRz0HjWnReF5JVKYrLmXoLF4IkGVCTx9fQbV3lihDijK5NsFvcMbGiW9tyIo9qRTI7ZlSNQkLHFJ0PgFcPORUBCXWWnUFSNxukiFJPePqJFVyiykY7aZTpTosW0J5q2QaYMmVRQSDiXSxw0ECaAZQ3t8MTyoSUEP4emKiI0VfE7EZqMBoomItZHI76fkjQlMYYeyV6UlyoYkHXGFaaVSyE2laxK3Uk67UxSsBqiC2tCdaOgbG9jhhUe6lSdBRHaMFgUvcNQvu2Ck0SdlNjDCBO9asSFSLfhjITtTckLQEJUw7E70EFvNCAJcjQqB91ue+RPjHOua9LBT3Ua1lbRY8OSlLQCkJAAEn9kxMDlAIEDc771oX0FO2yrYndgZoUeJgjWAY107/hSpuxiQmF+rNxifhwpafIQ6wlQUsdnMIE94JIOU/DxApsUAxf0gtwl3O3I4a77cuUHY8qOgbKZjbxMg77EVVAiRlhS1BCQSokAAczt86stmiYN0RQ176lKXxiAkHiO+pQKY5U31cayDsaXJDoyJTegDhQhWBXWNgaE1ZVlfvMUBNEA2KulmEKSrMNhWvPHmzPDgL6N2gIANYJvk0JltVhictBYZUMfw0TToMVIGs8LnhWyMeBJYLGwAFZ8sR0R03YiOFZhpX8VshJo4gSIcMYg1qxMVIsaV5QTwAn0rU3wL9SuLvCoknWTmPzrmzluZqjGkNbPHXpQ0UZgFJSAdYEgmdOWvj3Val6ECsRbypWtWivdAkfmOuY78BFVJFoTWycygDBHfJ8PjS48sJ9DxrEgkAJRB21G+p130Uf0p64FNAuJ3OqyY1yymdZiPl8qjkRIql/bZ1yOIqrKoYdH8NDbiHDwMmhb5LcTQVN6SkZknXTWfOmJgMqnSfGAhSWZBWDmVH5dNAe/uqmWgBF3m3oByYJctSdJqIFohVY8hV2DRYceWnLrvtXRydCEBYA2JEbVy8nZogXDQJpQwqeNqGbwp+PsXPo5w90VvXRmQwW8BWbKPiSpvRzrM0MsX4g+N5q0gWwS2uhNOhwwXyG3l1+EuOUepinznwAo8iVt9DfbdJCBE5Yk6+6J51h9TQ+hyOn1nnC0tKCssbSCe/9aNgxI7rHEvDMY1Mk8TWeWRjUiEYgy3rMDmakJcltBbeNW6j/AJqAfr5VpsS0K7xJCz6g9x76BlnNgO2QeQNWihwFACpRdnFw+csJUR4Ej5VZNtiFVj2pirsvYG2zJFUWlQcykcahKCoSahQsxKwdUJJ8q1uVmJDXo/hqgNd6y5I2zRGQ3xBGRFJ2h7jOMexLtb02CAk7JcOvuyJrSpiqJLq9J2mlzlYaTAHMVUOdCkU20CuYuo0xQK3HTeI1dE3D62ulKaIUU5CE5AfeKj7xHPQCscpu6NSiqsgxDD3HW4QJSkSoyBHMmeX1qymVxVioEjKEQJCgtSs/0+VE3wCh1gNo44lRP5QDrxkxWeURqYBjS1plIEgabTrxgVcY8lSYJa2iFj84VvBRp5qQOz501i1yWuxB6tIMkgQJ5cNeNSITO20HMYIGm5MagTl8ToKvckVtBE3hJ3pyXBSY5s0zvQDkid5sVQQG4uDVFM7S+mrFtnouBxFSgbNHucISRqK0GYhQylOgqqLXAh6WXISjegcSbjIr053CapKkEWbAcOzASKCUqGRhZZ04KCNqDcHsE2JYENdKZBi5RKre4blmtSjwIYvaZJVFA3RcVbLejA1Fpl4AlCU66jRaZ1jlWCXzG1dUfWd1lnXQ6GZgiIiOPGrbKSILli3kFKEknmNJ5BAMGo5FUW3CsGPVAxK3JIA4BCdo4bip2WIMWs0AhLidNsyTCgeOh3FS6JVg9hhmReZLhUNx2oJ7onU1adlUGXDwJMAT3aa8oq2yq5FT9ylxLjagAW1BYM6whac0/wCqk23IdxQFYKzKn73mt3SM0ey12aoTQD0R391AqUW2V1/E+0RNEkJlMOslqXvV7QNwW8Iq9pW41q+vgE70wUyjYn0sbbUe1tUBKBj3SpT6jAgcNaploT2i5UKBoYjROjroAFZ5miDLU3cpihCsBu3Emadj7FTZUsUQJNb/AMJmfZXrdr8TzrHOXIyCLbbWocRBURAmAeMTsRFZe2aEypOXMZt5CgB57VbREwzD7pxv8VtUOj3TAIE9xq0qJuGjXTp0EFxSkqTPZCQdTE5eEGBVNS9AtyB7zHFXKIU2lAzSD+bzNC0/Uuxa08QYPlVIqxlaZlryoSVKM6DUmNTpRUVYReYSkNqKW1oWoZV5+IkHSfvWihHkqcuADCbaPWtDEwG6ncooaGqRX8SxDcVdASmISsqUPGiQqy94Q2MoPdTUgbD3WgYqMliXE+l7jycrcxz1FA2DRVLxhZlSlE+NRMtcAEURAixZUVDLrrS5MNIv2DMrSNqzsfEdJeVVBWQXdxTIdgMrV9da06WR0LUU2DMNceNZm7G7aGFjfZVRQ0QRLRDigeOnmnaiISYc25IOcJaUrIVEAhtR2KwfykD3uBq0ixv/APF1uZVBdusK2WgiNBMyDFKlN30EkgG/dSgdW2tp5f7LfaA5laxomNd+VEk6tkbXSBmEkSs6KAygd5qikXD2fMfjLWdkNkT+8sgD4BdEiMZdI1iCaZECXRUmrgAmmC4sjvr8RpVUE2Vp5ZJNEhbPEJ41ZRYLDESkb0dlMaW+JzxoJMJIXYdhQCO+kzmMUD17DVE5QN6PE9wE1SGWFdB0q1UCa3RxqjOy1WPRFCIhIFU4RDTaGhwhKRtS3iiMU2JMTTlOlZ546GqYAGSurx422DKdA7vRvPuDWryeKE7+RPeYQ63tJrPk08k+BscqfYguLxSTqINK2Bbgy+EpS6OOWfEpBoKCQTh9/wBVJ4Gom0Ejk3dodeobzd6UxrvPZ1qOYSoKVdp6vKlKUgmYSIk9/OgsjYM23pHn+n1qgUW3o0oIaVrBUqfIDT5miSLPMSBWDrRIFlRxBgpOlNTE1QtVKqMqzk21Sij3/CnkalEs8II51Cjpu4y8ajLTL9aYbAmaRLFY9ZBtguDyqTrrWjBj28ickt3BdLSyAFa3IBIJKUih5IC3UGiRLKxilsCdKpwTRSkDYVagKPjUhGi2y1MWqMskgACSTAAHMk7UTkyqFuIqtAjOp9kJIkHOkyOYA1NS5/LTL8qyqY90PDxIBCQPeXwSOfeYOnOazzljkvsWoOJU75tIzpT/AJYJQBOuVJIQfGI85rFfJprgTW90EnKsSNp51bKR6taZkCgYQS07OpqqIw22XULQ9t7BwgKA7P6Gjihc5UMAyQINFRW4SYqkCiSBbBbK0TvFNQuw5vCgvajoFsYI6NDLqalFWVvGsO6ueIoWi0V5bg50ISNRs17CaGDsOXBasKUAABWtLgVfI3U/AqOSQXYvfvo40PmolMXP4unaatZEA0wVVylWs+m58JgepApeXUrGvqMx4nMr2MYjcMLKUqbAUApDiUFWZB2UM5gGQQQoaQa6mgWHUQ3xd+69mScadCPEccfdSEOvuOJBzBJyhEjiUoSAT4zHCuktNii7S5BdIWPPxmCdCYMjjoI+tMaXsTdT4Lv0Rxjr2FsKV2mkFSP3meHiW1ZR/Cocq8x4jg8jJvXyy/R/7j4S3lMvVGSe/u15yONc31HtCm/TOsfX41alYDQClahpUZQ6w22ACVr1J1y8B48/hVWXQ1t2xM/LQeVVYVFit+lCbfKxcNFSVJDjLjcAlBJzIWlWmZJ0mdZplTcfgpsTNR9RvdvNLbztqBBbS8AYSrq1pkLyncbgxsUkGKLF5klbj61wScF+EoOJuHNT2q46EPhhmGL01Bqy6H+HvJkcKNAtD4uDJM1ZDPumF2IIoJERRFGgDNPVcRqKSnTGSVjbBMX0gmtanwKcRwnFArjA5nSkznYyKJXcPcW2HYypVqJBkpH5o/KPH0pTsNVYkLzaDogKV+0qTw5TE0lzaGqKZCvEDx22oLklfYdU+BL0zdysWyv332/L8JY+Z9a63gU2s04rp8iNS0lZVLi5nKe8p+GlepswylZ9cr7KVeXpMVJX+RG6QThd85buBxEZkHQH3VA6KSofskSD41l1OnjnxPHL1Dxy2ch+Jtp7LjcllySid0KHvsq/eTz/ADCCK8bPFLDN459r9TfCW5Ch9FCmq4LrkFLUEH5/2q2yUOUOgp2obLDbYxHParssK6VWn+4odjVlyTx/Dc7Kh5K6s1oxMRltgOLOFBYbIgs21u0oclqa61YPm7HlXd8Gx1gk36ybX2E5ZtOiO0u05h1iZB4jflsdK1avRLOrjwwIy9y/4TZsOJ/DUlWkwCM3mncV5zLhzYm1JdD0kwTFLFKQSnSgjN2DKIiuH1gEZjWhOxVFOxwk6kzUZSQkmgoMvvXaVmNFH1s/BgcaapcC2h3Z3CcyQrVIIkczymlt8jFHgtjvShpaShIyDYpmQe+i3cESK7dlMkg7yfDlSJIagBxvjNUuydirpkItLYf9Z9XkENJ+ddHwS1qZ/Yzat/AVFROQdx/SvVehzwlS5aUOWo+Bo2+AvQlLw0Ph8ZMULCvgKw/EA2VBQK2HI6xA0OnuuIP5Vp4HYjQ6HTma7QrUR44kun/YdjyuDv0DrvDlJIKT1iFjM2tI0Wnw4KGxTuD5E+TkpRbjNU12jempK0DONgjaPKhT4ss+t4n0olfqWOrGyW4ZQCY7tB4mjUQW6GzzQKBarUD1sIUkH3Wx2nFEjYhCVHxijlLauP8Aj9AWkym4teF5bj3Fxal+GZfZHkmB5V7HR4vLwQi+0lf3MGWVysHWuQnz+BFa0AmGsXJEQdQJB4gjeDwoZKLXxK0MUmi34RiBuWVhZl1uCSfzNqOWT3hUAn98V5nxPAsGRSivhl/U0Q+NAV6xl0Ijj5c6RDlCpKivYlbgitMYWKsFtMKB4VflE3DXCbJby8qR4nlXLxxcjY3QzvcD6qFE7mB3xqfhTMkdqBjywdwdn7ms7Y8gbJ4VVkJHLgzFU2WkdtOE6VF2FQB00d0tWuTRWR/3nZHwSK7H7PwbWWb/ANXBh1bqo+5Xlt9j0/8AzXpEuKMtEiE6R98KtlPlESGtAD9kf+6ojR8gnb72FC0SPCob9H8dFuotOgqYWc3NTa4gOIniBoR+YacBXJ1+ijmrIuJo0Ysm3j0Lxb4H15LiylxsozJcQT2hmgKk68QIOo2Irz6i5Nqapo2uQku8CcZXIRnGhB02O0iaBw2suLssdm+VthsjKI2ToJ5wKdGmgPUSdKHW7ZBaRq86mCSSShk+8TyUuMo/dzHiK0eH6bz829r4I/q/9gJz2popyFz5SfPYfCa9bF3yYezhgSI/ZWfRUGiIiVLmgPeRVhKVDjohcxeNJPuuSysc0utlI9FhCvFIrmeLQ8zTSv8ADz/Ibgk7ovOJsJ/w4Sr3kmUnuPvJnlptXnMcqimaZxvgp+IMca3Y8hjnCmB29yEkzT1ICjTOh2BBCSSNTzrm6dUuTXl5Yi6e3gN0WU7MhKD/ABqhaz5AoHkaXmnboPGqRWnXZnlSBpD1vLaqZZyKFlhTEnRIknQDmToB6kVTdK2TvgTdK7gOXruUyltQaT/CyA36ZkqPnXqvBsLxaSG7t8s5+oluyv6AMSI8PpXXQk7KBH3y/tVl0eKHdxNUXRG6jlQA0DuaiI1HD78qRN8FfQe9BularR3qnCTbuGFj9gnQuJ5EaSOIniBXH12Det0fm/qasU/wyNDxpGZYTr2RPcZVoUcxHyrk2pI0CzEMURZMlRAU6sfhIVrMaFagPyA/1ERzosGF58myHp2ypNRRndzdKWpS1qKlqJKlHck8TXqcOOOOG2PCMUp2cMK0PjWmEuKAj6hDBEqHdPpH96Oy4nKDoe5dXZQThDmW6ZP/AFEfBwH9aya5Xpsi+geLiaNBxxRzEToCoR5149Wo0dH8QneAKI5Ejy3FOhPgTkjyVy73p6yi3E27AsdZMwtJCRmMEHQamj20it9syLELwuOOOqP+YpTiv51lUfGKwz7NCoBK41jy+tAFZyl0niPAVRLJE86AMa4XchtReOzCFPRzUkfhj+sooJQeTbiX4nSLtLn2KSwI4yee+u5PrXvcdJJexyHe4KQfv0pyKskzff8AVVh2fJc3H3vQNlWcE/fpS2yA73OlSaonRLZYSt9RShIJAze8lJ0MaZiArwrDqcsMcLn19B0YSkaP0fauRbtJeaXLIUgxkK1toGZsNwSCr8m+m+1eV1Wrwxybcc+Jffj78G6OKTjbXX6lH6RpuluqfuWnGyqAAUKCUgDsoSoiIA+p416Xw/JplFY8Ek36mHMpXcuhXHDlXTQij1J08/rRplkrS4Wk89PUAUaZDpk6uDwPxIom+SI8Q/lUhXIz6TSc63Y5R90XF/EjS8YcBcV3kn11+teMT5OlXIqNstasiASTwoouipxtkx6EuK1WtKe4a0MsqQPllUwmUqJSYEEGNJnhW/JLgzQhydvu7/fgKxs0gy3o4ny48zNCyHKFnTQCBp51TLRL11AEfYhdZbQji+7kH/aYAUsjxcWkfyGtfh+NS1KbXEVf5/8AQvO6x/cTNKr1iZzu7OkOa6fewotxRKpf3/VVuYRwVwfvmKByJRIFffpQ2EcKO9BJkuiFwA+8J8dY3pUla5VkTOdogkcoKhHhBpUsGJ/hX8kE5tdN0TLuHFAJLjigNQlS1KAPMAmAd9aLHihB3GKRcpSfb4PkjStCYB6nb0+lFZDxRiD3/p+lEnyUSgw4r95M/Wjspdgz6tUjvP1oG/iojfqaPfPS55I+LaDXh8bu/uzsNcjjoo+EXBJ4tLHnKSKZdANWN7l2TvWabtlpGW4a3+FJ0KtfLhXTyytmXHHgFugZ+/sUhjEDnfwoSztIoJMJA12/Gg5x8akS2R448CppCTKW2ko/mJU44fHMs+ldfw2DjCUn23f5CMz3NfQAS5p411VlMqjds7SqmRkC1RIF/frR7uSbq9C3dCeiiL0OuOOKSlGiUNlsuqVupeRf5EjfTUkcjXL8R8RelhvUW6HYcSm+xw77Omo7F4sHgFsg+UoXr6VxsX7WYclJxr8mapeHzSuym9I8M/wlwu3LiXCgJzKSCACRJSQrUESJr0WLOssd9UY5Qp0LCaZZVHJqrIfA1dkOgfv1/SiTKo6okymfLVvR2UzoL1bPOR9KK+iA76CpxKRuogDxOlJyz2u/YtRt0aC8rMtRG0x/SMv0rx0VV/dnWly/yGWGyFzyT84qZGUMkPEVnsspinSE5RBAgZe4Cui+TOuELXIJ00PL9KBkIwyTsPTx5UISR6W4kfXjQhIS36SXUJHFSQPWm4kmgZArsFaoMgE68xOh867WJfAkZ33Zyk01MBcIlSNJp10A0eg1e72JT6RoXswwiM9+sbZmmO9Z0dd8Ep7I5lR5V539ofEfJweWu2bNFh3S+w76S3z5daw+zWW33R1jziSQWWdCmVDVAjtkggxkH5q53gmhxafA9VmX2sbqcjnPbEX9Kei9mzZvPJS6XWwkh1Tiszi1LSCpaDpKiSfStvhvi8tXqJY4qooXm0/lxT9WR4f7PWHLdlZffLrraVy0GnGpV+VIOVRg6e9uDTdR42sGdYnBtvoqGm3wcr6IcQ9l5QBkvmlEgK7bLiE94ztqcBIiD3im5fHMGGSjk4b+jBjpZzVw5Fzvs8ux7rlq54PZfg4lNNx+N6ObrcDLS5Y9oGe6EYgmf91WuNSUFCx/pVNb8etwz6kKeOSfKE93hr7QJcYeQBuVNuJA/mKYp8M0JdNANP1AiocxTbBa4s5QqMvcv4EUDnTL2kih+KkclD50Gq/hth4+JoutmrhXl/U6KHtiIBPhScnsRBIWKWWU15Qntdk8+B7wRtW8zg0Akq484OxG8cxUZEfTHn5GNpoAkQzAoWGhJdqIcCgJyyZ5SIHnJEVq0uJSlQrI6BF9kRz1rsyXojKcAE6CrivQjJnNNBw0/WifBEH4BhK7p9Fu2YKz2lnZDYErcV3JE+Og40rNmjjg5y4oJRt0jbG0obQkNtqU00lLbTQ1Uskw03yzLVJUTAAzEkATXgIOXiWseSfyR/5+p1XWDFS7ZxgmHBkOqcUHHniXH3QlRQ49JKWgpInqUGAAN40A0rdqddjzZFjdrHH2T5r+wvHglGO5Vb/QH6Z2xumVW6FAKuLhlCVbBKQVuLXE7JQ2VRyTFX4Pkh/iMuePRWpTUIwfYwT1QSpISQ2EBltIJSEtgQMyk6g5QZjXtK1rlf5heolqGr9F9DT5D8tY7r3EKsfW5fjD7dHVpZUUvPFIHVssf5gYbAKWkwAhJ3OcRBM16P8AwOPFjepzvc6v/ow+dJvZBUmOMccuFMuLtnm7d4lTqluoUpIt0JKlQrItOp3kfljc1zPCFp8mSTyLmfSr0H6lZFFJdIG6P9Jk3YcWy0ptlKfxs6UjO+4B1TTZGyUw44qII7ArVr9Ni8Pw5JRXM+heKcs0opvockuo/DAWlXYynMrtqUCpaeq2KUpLcq4qUocK5rhPDgxuORvJKuLNG9Tm7S2r6C1/CLNhw5bRB6x9DaldS28UreVlKpcBDTQM6Jj411ser1OqyyxqW3YvzbMrxwxxtq7M29qFnbs3LaGW0tuFOZ5CBlbCirsZUfkJTqUjTUaV2PDMmfJhi83ZnyqKk1HoQWrWa4SI4k+QBP6V0tXJLHL7C4L4kXCxRXmY9m4bpXApE3yEiNy6jjQl0V64f0jiR96V0UjMwRR1Guu3hqP71GUj1bpG+/cfpGlLYaBnlaUIfoBrTDDiiPedSmf4EKVH+qt2iT8z7ITkfw2JdzNdWtxmToJZTAKvIVphClbAlIO6NYG5ePhlshOilrWoEpbbQJUtUangBG5UBWPUZ1ii5TGQju6NQ6K4A1ZIWA51rrsBbkZEhtJkNoSddTqpR5Ad58R4x4z/AIiHlYuvU6ml0217pFoS631aUBZSRJUS3JKiIMKmQI004TzrDj1GKODyoT2t9v3GvG3Pc1YPdPMt5bhTqkdUEpKy883b7w2FMgwpROp2nWZE10dLqcmTGtPgSk0u64/7E5MUVLfN19CO2xJlaSEP2zhJkEPt5hmSUqhJIMkEjzNZ46PXYMU4KF7g1lxTkm3SQa7Yu5VHtLQtLWVtKSoNKb6zrFlaSQSvP3aAUWtxbNHDHGDsrHJPK5OVoXtYe2h9949hd0pouFSVJyJbQgKTrvKwpcgfs8qmq17zYseCVq63F48Oxyn37Af+yrm7U+w9dhFu8s9W0wEOqSgBAGZxaRlRlbSSgbmeddnDrdLCUIY6cjK8ORpuXB3h9k3Y2ZQApaWUOXDmgzLcImDk0kDq0aExB141ztZNeI65Yb+GPsOxxlgw765YwubX/EICUOrZaXlLimykPLafYSWm0OqSrLC1QTxSDR6fyNLkmmrlF1z3yVPfkS9n/YC6NY0m6cdRCgtl0Mu5gChxHWFAUSNASlPaSRzI0q9foZ4c8NRhdOTVomDNui8cvRGIYm8lTpUgkozrykkk5M3YknUnLHpXrY9ROe+exrgifxs3cfU/ZqeISrD+YWDst1sa4CNjCVnSsuRchLoRYniICsiYKhvyHd41owadzVvgXPOkCvGD6DnWlCWctHlrurxO1RlxI3VzJ47UpjEDvKql2ETdJGMlhYj9vrHT3qWQfkQPKujoV++l9kIy/wAP8yuNNcBXdxY0Ymya7IACeXzq8tdFp0SYbfusnM0660ToS2tSCRyOUiRSJY1PstOmPEdOsQTA/wAW4oclhDn/AJpJrJl0eCXcUO85hzPtIvPzItnI5tQfVBFYMnhGll3FDVqcqXDAukvS528QhtSG2kJUV5WyqFLiApWYnYTA760aPQ4dL/DXYGXLOb+JlfUJGoB8q3L+ot3R80cpzJlJHFJKT6pqnFVRVy22hrb9Jr1syi8uRHAvLUn+lZI+FLyafHJdF75LsZW3tDxFBkvBfDtttnQjUGEgxvWd6DTuXEaD82XdhDvtFuS0tHVMJUpKkdYhKkKSFCCUjMRMSNedZsXhOnxZPMgqYyeabjy7Lv0GxdL9o2EjMptpth9sHtANAJbeTxghKDPAgg1wfGNNkxZXlSbjL5q749TVppxnHbdNdDfEMXbtml3KsxCJVKkoRndiEjs++4rQSdgSaz6KWTV5YqLk0vV1x9qGZduOL6V+x+fb95TiusXBUtS1qIESpSpOnASTXuHFxST9DlDro8NQfv3TWXxGXwRQ7Ai1Whrko0guPYp1SITq4qY/dHFRqQw7pW/QCeXaqK3aoWBoQCdSpW6idzXQoxSdsKcupjxqpaeaHbiRDo57ExwP/qs04y9RkWiJ53bv3jnwpTQdoDujpHMx670LtKwrXRZOm9rGHWCgPdAR/wDUPqK6Xh7/AHif+pGfNzBr2ZUrVqBNekxxpGIEeMmkT7IdoGlSuCyNQgE8gflWfLLbFsZjVm9t9DLRTaAthmQlKT+EiZCQCSQAZnvryGiwZcsHk8xq2zo5ckIPbtTA3vZvZq2Rl/hW6nTzUa1xhr4v+Nf3FueB8ONMpvTfoP8A4RKXWcxb2WCc2WT2VgwCUzoRuNDsa1aTW5Y5vJ1KVvpr1+gGTHBpSx9FHnWuyvYyN82ujoCok+Qk0z3qyTAEkkACDJJ2AjU+FLm4xVydL1LXxOkev260TnQpH8SSn/yFLhqMc+ISTQTi065R7aXC0KStta21CYUhSkKHgpJBFMlGMlUkVUk+yXE8UefALz7rpGg6xalx4AmB5VI44Q+VJEk3Lti5/wDJ4fWpP0KaH+BGMscZrm+Iy+JL2NOFFls1b99YEOE/SM/iogScm/ADMfU1rw9GTL2LyBxJ8P1NOFAS1qH5s3cr9RWyTYRGp390+RkUpsJEJfHOhdEtklggrdbTrqfGsOukoY2xuK2zTentv/wm10/5iY8MqvpT/C1bxP6f2Ay/LMzx7RMV6mTpGPoXCsr5ZROdqKS4CJcKtutfZa3zuNpPgVifhNcvxHJs0uSXtF/0HYVeSP3P0wEEiQNDrx461xdBlhHTRqXpZpzqfmCBfS1gXibIauK5AkjsFesbdkT6TFIyeIZIx85Q/dp03dP26GLTRfDfI6urdLiClQCgQdCJSQRqCOII0Pj3Vt1GGObHw6fafsIh8La/I/O/SPD0MXTzKCShCoTO8FKVQTxImJ7q2+GamWo0kMr7kv70BqIbJtL0AUVvbpcsXa9DVfZx0LKALm4TCz7ieKARv3LI/pHeTXns+Z6+bxw4xrt+7NcYrDG5dsv79ggjUeGpI/pVIpGq8O08cMpRTTS4psLFqJydM/PnSK6S7dPuoSlKC6vKEiBlT2RoOYSCe812vDMcsejxqbt0jPlpzdCV06RWxtgUji43R4VJu2iqof4aIyd0VxtbK8zNmJUixWqu1WZewYq6QOHrAE/sCT5mteLoyZexbOXvPHjTRQC6utk2EiErpDYRGuqbLG/RG3zXAMe6Ca4vimR7K9x+FGk+1FXV2tixxEqI/haCfmqu54PCppP8MUJzPh/VmV3hr0M3wYn2QMok0qMSiS4OtDMM8tX1tqDiFFKknMlQ0IIGhFZcmNTi4y5T7DjJp2vQf2XS3EMwSl5TilQkApSoknQDQSa42fwfRqPNxS9nRshqMm7imax0O6Oqaz3FxlVdPauKGydgGk/uiBMaEjkBPM0+GOd8J+VH5U/X6sPJNq16scdIcWatGFuumABAA1USdAlI4k7Cteryu1hxK5y/RfUVhxprc+Ej884reKeecfUAkuKU4RMhMnaeMCBNdfSYY6bDHD6RQrJLdk3GhezvoQolFzcpiIU22RtxDi0n83FKTtueArkavVT1UvIw/J+KX9kPhHylumuX0jVHVBIHoB/f4zUy6jFo4xh78IGMJZm69ADpTedTaPu/stqPnlMfGKDXKU8ccce3Jf1Lw/O37H5xOw416PakqQlO+QR40tkPHBKkDuHzqPtFLssWHDSa4GeVzbNseh82O1P3woF2WKMechyP3R9a2YujJl7FgFNFAj9aphIFJrO3yEcxNDKVKwkrZf8AoPhuqVRqspT5SJrzOryueaMPqbIRpNhntfvc18hqdGmkDwU4So/DJXt/Co/BKX1r+Rz8z4X8ygv711ZKzLIlYRAKvuauqRcUCrrPIM8SI3+/uKTJ8chr2Nc9nHQ/qgLp9P4pHYSf+Uk8T++R/SDzNeZ1WaWuyeXjdY49v3fsaoxWFW/mfRf7q9bYbU86oJSgSSdgB9/Sm6jNHDFRgrb4SRWOLyPdL0MI6YdJl3z2cyltP+WjlzUr94j0EDx2aDRLAnOfM5dv2+i+hWWe74V+R70DSyb9kPJCkmQidQHQAUGNjEGJ4xypfjLmtO9rpev2C07jLLbX2N/ZbCdBt4795PEnnScOKOPEti9P5gTm5Se8XO2jyrltxRUG0ggIGTLmV+dSs0mBoBHEnlXDlptVmzXlh+JO7XCXovv6mvfjhD4Zegv9otm49YONtRm7KiCQmUJUFL7R091O1dTU58eDVYZZPld/z9DPiXwy9zAXVV6WjOCO0lkO0jtp/h/Whm9vP0Dh2WHDk9ivPz7Na6HTJ0B8P0qFirpGmHEniUj4E1sxdGXKgBtNNFi981pmRAqzWeQaDsIts+c90Dz3rn6zNt2ofhjZrXQmyjqRGxSPPc15uE9+sS92aZKoMo/tAcJxW7ngtI8ktIAr6R4X/Ba+rOXn+evoV0jWukjO0TXBhMCrl0EBKHE1maZC+eyrAG7ha33Bm6kpCEkSnOQVZyOOURA5meArzni2onLLDSw43J2/p7G3BFbd79DX0wBPAef/ALNJnPFo8NeiJFSyzfuZ10jbuMVW402S0yyoABaHAXl69oCPdTw9eUc/FrY4JrNki5zn0k/lRpnCUo7U6S/UquJ9Arplpx1SmihtJWqFKCso4hKkCfWuvh8axTnHHKDjKXCszT08krvoq7dwpCwtJhSSFp/iSQR8a6mbF5sJQfTFRdTv2Nzs/aJh60pzO5FECcwKYPEa8tvKvM4p6vTx2SwylT7RqlDHkd7kh/hmJtPpzsPJcSDBKSFAHeDG1acGsWXJscXF/UXPFUbuxV7SMT6mweE9pYDQjm4Yn0k+VFOUMuaGn7bdv8uS8e6K3P7GALr0TfoZmqdAq6QyBDKZUDySPjNI1bqH3QzGuSx2KOyB3Vw5dmsPYMAffGrRAXpGz/lL8Un4EfWtWFiMqFK1RTxAC9WmRECOUiQZf+hWCgNBxWpXlWAeRSDPrI/lryni+pfmKKN+CHBo/Ry2ylA45ifma53hj8zXRGZ+MTMr9pLBTit0dgooUP5mkGvpfhcv3cv/AGZyM6+JP6Fc6zWuqZ2zkuyqpZEyS5T2aGS4CNW9jzGSzUs/8x1ah4JCED4pVXjdTlh/mb3cbV/U6MIP/D8Ls0A9SoQoK9NK0TWLOqkkxSeXG9yPEW7IMpWZ75+ppeLRabFPfjiky5ZZSVX2Vv2kuhOHPjmkJ8lLSKVqUp6zTpLqVlx4hJ/QwF0616ejJfJOhskgDdRAHidB8fnQZH5cHP2Cjzwzfuh/R0WTCmgVKzOdYSqASSlCSNOAyCPGvN6XJl1GWWbLGl0jZmUYRUYuyje2JtwXCFlctOJ7CAo6Lb0WpSNvzgBXjWrwaUJZcqlH44vv6egOR1FIzhyu67rkzLq2CrpLIG2w0B+9Kwa6XCQ/Ch+yqBXL+o8It1kqFEkUNMYts7BjhCh5b/An0p0OGLn0Up1etPbEIgdrUyAykyY5wPUxSvXkJG6dGMN6thtB95KGwZ4dgGPQpPnXg/2ge3U0uqOppuYltwezAKnFGEoBJnbYyT4CaZ+zmGUszy+i6/MXq5fDtMD6bYyi8vnn20wnRLY4qbQMoUe86q86+oaLT+TCn2+X+Zx8091eyER2rUxNWcsHXahTCS5Cl6iKY1aCPbfFrhlIS3cOoQNQkLOUEmTCTpv864+q8M0+WbnONtmjHnnFUmM7bppfpOlyT3KSg8+IAPxrnPwLRvqLX5v/AOjlqsi9Rqx7S78e8Wl+SgfmflVS8AjX7rI4/qRav3iiPpF05eu2CwtpKAVJOZKp0SQqMuUcRV6TwfJhzxy5Mrnt6tIk88ZQcVGrKereu5RkQ46Pob/xVt1qkob6xJWpRCUpSlWYkk7bR51i8V3rR5FBNtr0G4tu/k35jGbZ3VDyFeBBHqma8/i10YQUZxlGku0apadt2mjIfaxiAcvcoMhtCUg95lRj/TXY8I+OMsz/ABOvyQrMmltZR3DXUlZnUkwZwUhlh9mRAmudre0zRiZYzaHIlW4IEfCuelwNsnw9Hr8xyokUWpgJU0UxqNz3cqNMFmX37eRxaP2VEeQOnwinx5M8uGROVrZAvowwhd7bpcMN9YFLP7iAVq37kmkZHSCRsnQ3Eev69wiCpzPHJJSAkeQSB5V878dk55lI6uD4Y0S+1TGDa4elhBhy5JB5hoCVnz7Kf5jXu/2d0Kx4op+it/dnO1OTc2zDWe0RzBnyIr2MXuZz64ojudCRypGWVOgkiJCtaXu5JQegaGtEeiyF1Gm1BONonqCpVB2rLVBWFIg0+AMjg6+X39KtqwU2ROiDNKkuQwlvVG3u/KmVujyXF+xGMhOwkcRoaU8UJcSSZbm0dq3/AL0yOKEFUVSXsVKUnJWQPGgy9kjK10DGszCGWHJmBzNc/WrlGjEWZlRCch90bVzhoTaIqyFhwogyJ1irRTKB0raAuVH9oBXmOz9BToPgTkXIoWa2sFHtimXE8NSfRJmseqdY2HDs2P2fJKRlPHKD4mD9TXh9VHzdTBf+X9zpR+Rlb9rt8XsQcR+VkJaA78oWqPHMPSvq/huHbguPbOPkfoZ8+2oEKTuK0ZYySuPYqLXqCl7WTM/WsDyTT5G8HWaaPfYIysVSIO8VuxytAM+dTpNMaKYC4nv++VZJotM9YVwq4EDEIp6RQM+NJpc0Qkw9e4q8TITOiJ2pjiiMjA491SirBnfA60jJFhRkQ5Naz7LC3B2EgyPGfhXO18NtGjCy0NnUCuXZoDmkEVCDKyURVlFQ6aGVtq5pPwV/em4+hWTsRKFb2LRLh7eZ5tPNUepisGudYZP2HYlcjauj6MqCobggj+WK8DLI1qIP2a/qdNL4GUXp4P8AiN4P+olX9TSDX2bwx3pos4eTsrbrQ0rc6EtAdzajWflSp4ozQFuIGpoA91YpYVFhrI2qCLNRzeNNxFWGup3PdWllsEcTNJmgUCbHSs90whhauZhHfWmDIcPo0qTRCC2MKpWP5ig5acxitJTI0JnlUIujxpE508tR5VbimgY9gaxlIPlWG6kNYfhapI/m+Qrn+K9Ifp+x80ZriM1+o1YXIB+54moWTIcIFQoq3TBUqZH7qj/qFOx9CsnZ/9k='),
('pJ9i9hRlqfbcWeT69H4e1q2VQfI2', 'septemberhos@yahoo.com', 'Rafid12', 'data:image/jpeg;base64,/9j/4AAQSkZJRgABAQAAAQABAAD/2wCEAAkGBxAKCxAICAgJCBAJCAoIDQkJCBsICQcKIB0iIiAdHx8kKDQsJCYxJx8fLTstMSs3OjBDIys9QDMsNygtLisBCgoKDg0OGhAQGC0mHx8tLTUvLS0tKy0tKy0tLS0tLS0rLS0tLSstKyssLS0rLS0tLS04LTctLS0tLS04LS0rLf/AABEIAMgAyAMBIgACEQEDEQH/xAAcAAAABwEBAAAAAAAAAAAAAAAAAgMEBQYHAQj/xAA/EAABAwIEAwUEBwYGAwAAAAABAAIDBBEFEiExBhNBIlFhcYEHFCMyQlJicpGhsSQzgsHh8BU0U3PR8RZDY//EABkBAAMBAQEAAAAAAAAAAAAAAAABAwIEBf/EACURAAICAgICAgEFAAAAAAAAAAABAhEDMRIhBEEiMoEUI1Fhcf/aAAwDAQACEQMRAD8A0uWNNJWKUlamUrF5x1ke9qSc1O3tSLmpiY2IRSEuWohamAiQi2Srgi2QASyFkfKhZACdlyyVyrmVACdlyyVyrmVACRCKQly1FLUxCGVcLUsWrhagBAhFLUuWojmoAQISbku4JJwQAthrbzs+8Fe4Yv0VHwgXqWD7S0KFiaE2HjZYIJUBBbonZHyhM5Wp/KE1kCgXGD2pBzU8kCbvCYDctRC1LOCKQgQgWouVLkLmVAUIWXbJVwAFzpYX8AFnfEPGj5Hvp8LcxjGZozP80kh8O5ajFsG6LtUVsMNxNUwxFouQ+UNICiZ+LaKMlvvjX5TY5Gl7b+aytsgzNlndzHOzZg51w9qYVAdmDQRlsTc6ho1VlhRJ5DZ6PiWlqLiOYtyjN8RuS7VKwTMmbnhkbICL3abrCaCoIa1+YjtAb9kt1VkwjHHRN5bXlhawEPacpbYIeIamavlRS1MOHMVFfBmcLPjLWu0sHDoVK5VGqNiBYuFicZVwtQA2cxJOanhakXtQAzeEi8J1IE3kQA4wQXqmfeWhxhZ9gP8Am2eZWgsWkZYoF1cQWidDKRNpE5kTZ6gdA2eEi4Jw8JJwTAbuCIQliEUhACJCgsZml58cEE4gDw4kkbqwOaqxxVRzSOjkpWZjGTfW1gmjUdlW4rxmqoSIxWXEkbhYbPKoMM1nHKdHa2vqHKd4mdJzRDPo5jdRfMQl+GMBE16mdtwPlaRoSr8lCNmJReSfFFalhe8hzQ42AFrahLmglewvdG8NAJ+XqtPpcPiZYcpm1vlUj/h8cgyljbW2tYLnfmf0dC8LrZizbx6Bp0FgLfKlaXNfr2jrYbBaw7hWJzr8oEOPdulf/BIH2ynlO200VF5MWSfiSXsqWE4w6glY9r7NcYhI23zxrVIniQXYbiwN+ix3inhqWlqDDG8uH0b7OWk8EPzUDInuu6FrWO0tc2utSprkiSTTpk5lXMqWyruVTGN3NSEjU8c1ISBMQwlCaSp/MEwmQA74eH7WzzK0BpWf8Of5tvqr80pxExUIIoKC0ZoaPTd6WekHqJcSckilXJMoEJkLlkchCyAEy1EczT0S9kUhAGIcTMLsXnhd/rHX7JVqwuIRQBrRbsjpukeLcJLcbbUshc9lRAx73ht2McNN/RMqzFWzMMOHymYg5HOgbnDPC+yeW5JJG8LUbZPRgki+mtt1K00e234rOHMrQ74b3Cwvle4A2/FSFBjs1KL4hI5jbgZ3Nu0eoUH47q0zqj5C9o0iFoAGbvspSOJtrtIcbX0OqzOq4pbIBFR1bZXyNu1sYLymcUlcX53V7GWNy0nYJwwvbCeZaRauOKYSRcwizmhzdrFD2fkyUzn6mz2xnSwLgE1jrpJaR8NdE6qEYcOZC4PkYLX26qT9nr45MOzwkOvVTBxtl7X/AFZdEE1BpnJmpyTRYsq6Qj2QskTEXNSEjU7cE3kCYiOnCjqhSlQFGVAQA74a/wA23yKvQKo3DA/ax90q7hNaEKgrqICgtBQ2eUi5KOKTcolBJyIUdyKUAFsuWRkLJgcTXEKn3eCSpLS7kxukyjdyd2SNVAJonwO2ljdH5JDVX2Zli2LVFcWkS8lkrmAt5YBazZR2H4X7u2Wmi2E3Oa3vuP6JfEY3QOyPLmtpy1uUaNLgbJ8wlz88Twx3LDTmGZjwsKbo6p448+iDlppi8XdUdgnsxjKCEfEaRxpTC4kmombE1h7TgSVNTVMzG2tRXOgs5xc4phHWRwOE1aJambMQ1sUZ5NM3++q0sjE8MRSq4cbSupaqACJkzJKJ5azKGTbgnz2RWYfKH2HvQcGlhyglrz/NTcnElMaV1PUx85jwLxtGZzvJJUWJOY8e6zDI4NfG+rjL5bdx2RHJKuzUsMG+jrqV9LC4Tsc4yxXMbfhOb4pTgevNCIsIfTvJnmkLpSbNY/w/BPmOdM8zVk7ZrFpDI28thR8Ao+bV84nM2GaSRt9wdk3ktJIFjircl6ZbrIWRgELLRwibgm8oTpwTeUJmWR9QFF1IUtUBRdSgB3wuP2r+Eq5gqncLD9pP3CriE0MMguBBaAbOKTcUYpNyiUClcXSuIEcQXUEwOLiMuIAovtDwstgfWQsOUuZJJY2DHX3VbilzRtkYd2gHXYrSuJqQ1OHz07Bcvp3ZR3u3Cw+ixM07+S/5S4gt+qUcLXRpZO+x3i2KOp5bMBccre27UMCKKKesHMklnaHa9mE2snEEkc0wL3NeCC3KRpdTbJhA0ZJS0DoJMtgi6pJdlYx5N2+iDjwQsIlbUVLjGNc0V0Soxuzvd5ibs0DmjI5hVn/xeOe0Z1N7m78oDk1xOhgMXw2NaXWcXhuritcr+yHKDSuLHeF1F2NkkcQHw53a6BXLhBl6MT5f3ssrwSNXNusoqMTLi2iphe5DTbdw6BbNglOYKOGB4ALIGBwGwcjhSIzyX0h+guBGQSCOSEqcOSEiBMj6gKLqQpacKLqhugEPOFR8d33FbQVVOFh8Zx+yrUFqOhh7oLiCYDUohRyiFRKBSuLqCBHEEEEwAhZcc4NGZxDQBckmwAVXx3juiw8FolNY8Ajl0/bGbz2TSb0ZbotB7isH4zoBPX1VVhsTRHBWGBzWnR77XJHqp+r9otVVtc2CGKhY9rmi3xJy3z6JtwQG1sdXhsjg2R0jKyN51JdsVTjKCbMpqTop1FWcl4zjZw36KzPxSnewXbn0FwTYZkzxvBMkpZLGYnDw0cFBTYY9p+HJpvY9EvhMonOGuy3UlfRxG/KD82t72s5E4ix2J8YhpGWLtNNS1VJmHyk/OB6qbwnC+2C/4hBB27IKfGEe7BSySXFItXs54ZbJIMRrXtLonB0dNbUO7ytSHcFnlBHLQ4dLjJvFfFaaOHMLB8QBBPkbqQPGb2Wz0kTg4CzxKWB3/COMp9mHUXRdF1VGPjmMG1RRzxG/0HCRqlaXielmH7/lHulbkRwkvQuSJhyRkC7DUsmGaGWOUd7HZkJFgLGM4UXVDdSswUbUhAx5wsPiPP2QrOFW+GB23+QVkC1HQHV1cQTAaEoq6UUqRsC4mON4m3D6Z1XKM2WzWsvYyO7ll+LccVVS5wilNK25HLj0LR5rccblozKSRqFfi9PSC9TVRRm3y5szz6KqYt7Q44wWUEBmI05kvYYPRZnPVOkJdI9ziSSSTckpEvv1/NWWFeybyP0TOM8T1VfcT1T8pP7qM5Ih6KuzuzHINbnfuCUedEg14BIcbE6AkdlVSS0TbscRHu7rJ1gVcaLEI6lhsC4xv1sC0po3Qa9ySd9YdDf1Q1YGzT08OJQjmsBuLh2z2FUrGeG5aYl8TfeWXJuB8Rg8QrZw0eZBHM3aWFknkVJ4vUR0VOamqNhs1g1fM7uC5OHdI6YzpGVMZfQNsdrWsQVc+COHH1sgkka5kLCC+S1jKe4KIgxSOeY56aC8jg65jsWNWhYTxMyiMdJWZBHIGsZUMbk5J8QOitLw8nHk9IX6mOlsj/a28xYbFSU0eRjKmJzsos1jR0VIoZhLCGPtsQOoK17i7Dm4hhzuXllGUyNc05w8LDqZpjzwG4dDIbdCtY9UQlsfygs1AztG7TqWBCKUbjTwvom8lQZW5L5Dex1tnCJG0tOtxt5FVMkxT1DoznikfGe9jspUnScQTwm5mdML3LJDnBVc5ttiuOqbb6IpPY7NIwvFmV7HFoyOjID473LfFCpG6oHDWLGHE42nstqG8h2ujj0/VaFUjdcmWPF9FYu0PeGhq8+AVgCguHR858lOgrCNhkFzMgtWIaIpXVxTNlG9qcxbTwR9HzSPJ6ZgP6rLpTZ1/rCx81pPtUeHGCISglolc6PqzaxWbTDQju19V14l8TnybCFcIRhrr4XRgFQwIFqI+DMNRp+JKcObdJ0ze06Nx/8Ao2+9uqAE2tsA3Ww01NyjFuiWc0bAIhQBpXs+rQ7Dwy2Z1PM+LX5Wt3H6qbqsL94fzqr9p1BAcLMib3AKo+y455Kik+sxlQ0eI0K1Gjp87MttW6HxXPLplo9oz/i7AI4nCupYxEGts7KLNc1PMFw7398YkA7FIT29A03U3xq7l0DIQ0HNIIyNiWhQfDld7uWvLMwYMhAOojXo+OpTwSRzzqM0XPCsGNJGWUtbILgkxubngd6LJeKqb3TFZGloZzgJLDYlbhRva9gkjc14eAQ5p0ss09q+GWczEmjWN7Y3WH0SuCHUi8u0UeVut7X12712J+hbe/ZOh1sV2+YAoo0Ox+U6jdWJh81xdJSmwRWv7KTmk0WhDZs5jnZIDqx91sjJRNEydhuJYmyA94IWITP7QP2wtO4Er/eMPELnXdTOMe+uToo549Wbg+y0QYg2hppaqT6AuB9Yqm1HH1U5xMYjYLmzbXICkuL3luHEA/PM0eaz66njSaNSZbRx7Wd8Z/hXFU7oLfFC5M31FlkEbXSSOytjY5xJ2a1HVY9oWI+7YeYmHtVbxCNdcm5XMlbos3SM34oxY11XJU9HPysH1YxsoFz7m58kvI4Hr6dQm0neF2pV0czZyM6W7rhKgpsH6nW+x3SzXaJiFAkJxlIkH0DfzCWuiuFwgDtwdR1F/RFLUWDrGfom4+6lbIAsXs/rPdsTid0kzQnxBW4wsFw9h7MzdCD8rl54wefkVMc/+lMyT0BW/wBC8MPLvdkobNGb7dVLIikCs8buuGMP1nO/iVYoXZSW3tm08lauNrB7Q4fSBHiqrbK7z1v3Bep4L/b/ACc+b7Fs4YxAxP5LjYOO1+ypHjqiFVhs8Ybc+7ulbp9IaqrUs1i14PyW9VeonippCw6/CdGfEWXN52PjNSXspglcaMDpn3aPEAeqM8gHXuI0KLJHyJ5Kc6cqeSO3kUWa9sw7iPFRAQElh6JKWUZSfD1STpNP71SL3aWHda3UrQDeZ/X7Q9VbPZ7WmOuELjpPC6O17Au3Cps5y2be5aQNt3KZ4dnFLVQTSbtqGPd9lqU1aaGn2aTxubYePGoAWe3V/wCO3A4fGQbh1TcEG4Iss/jF3BveQFz4/qblsc0tK+Y/DboDq9xytaglsRnykUsZyshAaQDbmP6koLfZk3NZV7TMR51aKZrrikjDDroJDqf5LT6qXlRPlAzcuJ8lvrWCwXE611TPJPMe1LK6R2lhmUsK7srkfVDGcX1abHy0KamYg5ZBY9/Qpy9JPYHizhf+S6SAg59iE4jfomE7DHscwv6tStNJmFx+t0APQ9GBSDSjgoAM45XCT0d91OiP+U0dtbwtZHppLtyHdpt5hMBZhs71C3Thir96wqlqescTYHHc3Gn8lg7jY38VrHsprhLQTUb3awVIkGuuU/1CnkXRuGyV46AMDJm9owysDrbhpVSd/fgFcOJG54ZGfXhcPVU3NcA9bBd3gP4tEc67Q5gfpbuV44flzU7Hk3zNLD4OCoMLvyPpdWfhyoc2M2aXNbIQdL5VTzo3iv8AhmcDqRnHGEPIxeoYBYPkbMPUKHlf2SO4Eqy+0oAYmJWjSekafUFVKY9k+RXnxfRZ7GUtQNu76upSPOLjYDKO69yUZ4Hl+SJmt8o9bLYjjrNeXvdbKSQOpKVpqjmStYOrgO4lMnduQ3fHH2rFzu05O4nsjIEDcziLGVw1QBo+PSl+CUzybg1Moae9oTDgvCm1tSZJyAynGexNs7k1fXibBIqa9zS1z22O4YRcfzQ4VmPMexpI0B0NlBqrN7Ywrz8eT/ek/C6CJUn4rv8Aed+qCYG+TEZHF+2RxdfbLZeeqp7XSOb8vxHZdey5t1vGOPy0NQ7NltRzdr6uiwSpY1xsDfRYw+zWUTfcbjOPzCRNt2Pt4HcLvOMWj+23v6tRZg14ztcBpurkhvPKRoWZk2o5bPLLWvqAeiUkaT/7B6G900d2Xgg37QTES7HJYOUeX9yWikuPyQMdXRA/I8O7+yUGuSUuot/d0APnm4uFcvZXV5K+SnLrCekJA6OcD/2qLBJnZf0PgVNcIVfu2KU8t7DniI92U6fzWZK0NbNfx11mH7pPoqWDp5i1+4K4Y324HkbiNypcDs0Y8fyC6fA2zGf0KRn8vzKsnC1byjJG5txIGuI7lWgbaW071LYDKGSuL+sZHfquvyVeJksbqSIH2q294gkZoDHI3ayo8ruyfulXb2oOzCB4aQA9w10uFRZf3Z16fivLho6ZbGbii37lxcv+q2YG7z2zZv0j2rJ1A4XA8bpo513H7xS8NmkXPW6AJ3C/iAxl1ho7zKvPCEdLBTve855pMw7Q+ULP8OqxzR9EA5R3EK+0/D8baRuKmonaQ10nLYLMcpZEbiVCfWUga5pyB46oJ22mzxsnaNXnmA263QSA1ziwE4XUhu/ujj6LDpWhu3eggs4dG8uxvILjVMpAY9Wajq1BBWJBQ5rxcaeGxCaVBsRYdb+a4gtCHLHXAPgl2CxHl+a4gsjF7ojyggmILTuyvynZ4v4Zk9jkLHtkboWOa4eBQQQM2Wpe99GKkOBE1K2XfcEKqURvGLdbk+AQQV/C+zM5tIcgfgP1UhgjstQ3NqHBw26LiC78v0f+MjHaIn2oi8UT7WDZG694Weyn4Z8gPNBBeNDR1S2MXFcG6CCoYEY5NSHt6ntJSMBztXgBBBAx41zLhvMa0DxWtwTNdw/E6ORso90LC5pzDMN11BTyaNwIDh9gqMOikGuRzmHwN0EEFM0kf//Z'),
('pJ9i2hRlqfbcWeT69H4e1q2VQfI2', 'greg@yahoo.com', 'GregPas242', 'https://encrypted-tbn0.gstatic.com/images?q=tbn%3AANd9GcRAfsUJTfMKwf6ycSrSveoMB8dQKmh5QG8Neg&usqp=CAU'),
('pJ9i1hRlqfbcWeT69H4e1q2VQfI2', 'sarah@yahoo.com', 'SarahSchmidt', 'data:image/jpeg;base64,/9j/4AAQSkZJRgABAQAAAQABAAD/2wCEAAkGBxMTEhUSExMVFRUXFxcYGBcVFxcVFRUYFxUXGBUYFRUYHSggGBolGxUVITEhJSkrLi4uFx8zODMtNygtLisBCgoKDg0OGhAQGy0lHyUtLS0vLS0tLS0tLS0tLS0tLS0vLS0tLS0tLS0tLS0tLS0tLS0tLS0tLS0tLS0tLS0tLf/AABEIAOEA4QMBIgACEQEDEQH/xAAcAAACAgMBAQAAAAAAAAAAAAAEBQMGAAIHAQj/xAA+EAABAwIEAwUGBAQFBQEAAAABAAIRAwQFEiExQVFhBiJxgZETMqGx0fAHFELBFVKS4SMzYnLxFmOCorJT/8QAGwEAAgMBAQEAAAAAAAAAAAAAAgMAAQQFBgf/xAArEQACAgEEAQQBAgcAAAAAAAAAAQIRAwQSITFBBRMiUWFSoRQVIzJxkfD/2gAMAwEAAhEDEQA/AHOJ0cyjsLSE5vLPihiIBXgMWeeJ0b2rNm1CvKj0PSqaqWqt2qlDJFUuQYwaI3PhTW14hW6mEyt7ERqsKxSsbtaN3V8yynQJWPpBuikp3B0EKnFx5ZR57AhRVDwRxqylGKXjKQzOO+wG5+g6p8cuSTUFGymjY0zwWOxujRHecXGQAGiZJnjtwKpmK9rajxDAGjiDBPTWUmrYmDoZaeBB7odO5HERHHgu9h9OVqUv9IVuLxiHbEuH+CGjX9Xe+GkJPb9sK2aKhDm7e6BEnpGirlxVcNtpjeYPCRw+vNQV6oEuBiTtPwPPzW9aXD+lFWzq2E3bXS6dBxG28afToVYWXFPUZjoOQ5SuS4PibmhskAFwc7gJyk6eIgx4o+1x15rOgxJ2nSIB15HX4oJaLDLuKC3s6YS2JJA6Svbeqw7OBPKdVQafaLK4lzhAkZeQHP8A1E6dNeOx35x7wHOiSJ7zgySQSA0TIOm/DrsMWb0XTz5SaYSystmI7KDCnwUlw3FXOPsqsh36S7j4HiPvVPLShAK4eSE9DkaatDHUkMalyIKDZB3UbqZKjfUhDi1SzT3UDVBlWMqUVq2q3qViUFWq6qatStOiJjaz1RmQJdYvR2dJnkjjpx7GR5Nbw91C4e6XKW6dooLBhDk6OXcrDocQsUXtV4i3fkHaxFiN8EAytmUNwCSojolWrtiicvAK8r1dJQVOS5NWW0iEM8lMNOwCxq6qx28kLMLwVsyQngsw0aLbhwynzZJTXQnrUDEkKCnUA0TirUBEKp9o71tuM5IBM5QTElbMkFtUYK2xO7kzHsZbQbm3PBo1JPhwC5jiuM1KtQved+AOo6dPBQYpi5qOcS8umJn3R4DhuUtNc7/tv9V1tNpY4Vz2LlOyV5cRvx4cfvRaUzHX74r1gncfGNFLTDTppPRxn4ErWUEWld40ymI30IjkeYU1xDm+6D4ag+Y+Rj6QsplhkFw5g94eo+iyrWncH1hw8DzVBBeGNkATMOJjj3hrPw8wpbSrkqGdwCT5E/2CX0XQWuGjhGo/VG8hF1RrnA7rgTHIwDHqP/ZFZVAlvihETqTz11Gsx4n4p5h+JPOr8vMz4Dd0EgfOB0VVpAZyTrBkH4cOk+iZ0Mcc0ltMhgOsw3cnWTvxUZSZebPEA7Q7xp3g7hzAkeYCu2H3oc0eh8RvHNcuscWpOIzS50bjK3jEyd/NWaxxHLrTfmbuW6Zj4fFc7X6SOohXldDov6Oi0mghL7631UuF3IcwOB0IXl6/ivO4dL7b3S8FsHqUwAq/dmHppXuCdkvrUJ1WfUZnklx0i0GWFcJvScHKvWlu4uhWC1tS0LLhcfc+QzpG1W1nVD1RlCIdc5ZBSLGcRgEp2o27l7ZE35CvzPVYqb/G1in8PlL3lrr2wGqW3VMKWwuzWAhMm4U4mSFc4yXNALkVWViSdkyq0MoR9KlkQt5ULkMMmNL59luNInwvEeBTOvdAjdV6jRjVSGugefJdRfAO3yD4pigoMfUds0T48h5mFybG8ZqViQ95eOGafMt4QmnbfGDWq+zH+WzkfedzJ5Db1VNubjWB6/Reu9K00seLdPt/sIyS5PKj+n35BRmrHj8loOaxrZMLq0LMGup9USxtTgYHIjN/6rBDRPoPv5qJ1Z3OPHVUWMWVODtOoBEeRPyhbEzyPUaH4ICncHmPiFKDOv7yoXYU3N1046/toiPbd08jo4cuoPofFBh86ckRlEQrLQpr1CHO8VDTdIIHCPMSCCfvimNe0zH6Jc+nlMKANElu8SMxcejVZMLuhwc5kbTDh/TB6clT88Iy0qEnbXx3+KpouMqO39lMTIGR0HNq0jaeXQlWR1FzvBcW7O4q5jodp4TpHMHdd0wm7D6LH7kjXxXH1mjUp7r4faHOXFiyrbwhnvCfm1zrSrggKxzw1GoIFS+xPh1TvKy0iIQFHCMpRTWRos+k0LinKfYxtSQvxOiIJGio2PVtwrnjNQgFc1xi9JdCy4cSnqXXgY3SFyxTSeSxdexZduxYydx2hCvzssKhYyw03hzeaZ2GIOe3dZs2WKjYCi2x7UYHFLbiz1lT2NbeVLc1xELizipq0OuuBPWdCTY7dmlRc/iRDfE6D5j1VotLYOMrmP4n46DV9jSIyU9C4fqePejoJjxnktvp+klkyRvoqUkkUjFK/eIBkpe1qwa6lePdwHmvaxVIyPk8e7gp7ds7oYKdjobPNW+iIy6raoZhM6LHmSjbW1JQXRaVntvRlG07ZHWdoAEwbbJbyD44xK2huiqVuXQPimgtgira3hV7gaxip1kQOiV3dtx4K5voghAX9l3dlfuEljKBdUIK2t6DuCa4hbQZhaWzg0T1B8p1+BTlJNGZxpjGwZnplwMFvvCdRyPh/bkuufhdcl9A0nbjUR4wY6SuP2FX2dbTiD5wdAfJdE/D+/FOrTj3SMscgYLZ8BIWfNyMq4s6yylC2hbLxC8aXRms1IQV1oUctKtEFLeNtcBRlTF1SxD2mRuFSsT7Jd+Rsuk02wIUNxTBWPLo1jjvXYaytujm/wD034rFe/y4WLkjtxXMcoSCUis70UzBKsl66WqgYwxwqCNiUrTR9z4sbLjksdTFu8Mp3Ta1cXDxSjAcLDwJVlp24phDlxKMtqKSsUdo8Z/K27nAw8jKzoXcfLU+S4filTM/724ecanxV57YYoKz9+4CQCNjlGpHnJ6wzquf1HyS7mfuF3/TMOyNsTl4ZE7QdfuVCpXzsN+PTkPvmtHaaLsISaO5LytU2C8G88lC2XOUZQbYUsxVntbXRL8GtIgp3ma3c/FZ5O2aYKlyS0KKMZSQjK7eYRVKqgaHRaJ20wpabAoWPUvtFVhhTKaytbyFrSrIllcQrIVrE8NzaBVu+tSwa8dPjBXTRRY4wq32zwosaHDUdPEIk2hWSKasqdOrsTuBPwarD2eu8rhH6Y8e6Qfqqrc1IBjfYI7B7nK9p4Hfz/5RONiVKnR9PYdcB9NjhxA33RKqf4e3uaiaZMlh08CB/ZWxDHlGea2ujF6F4sTI8Anj3gCUpusUAmEViJOVJPYgiFztXllP4RG44+Tz+MheIX8iFi4nsZftD+BrTtZbsqx2iwr9QCudq7RQYhRBBSlHalKPYxSuW1lTwW/ygcDspe0uIl4bb0z36oMkfopj33eOsDqUvvKBa8gJRaXcNq13nVwIn+WlTkAD/c6f6jyTYReSW/8A6y5cMqPayoA/2bNGsaGiOZJPyKrzWHp0/clFYhWNSoSeJmOWmg8gAFgZA+/IdF6jBDbBIzy5dgzgGj7klBu1RlXr99AoKjCQSBsn2A0C1ncBxR+HWcandCWVAufqrJRoIckq4LhG+SSg10ZW6E8eX91lWypt1e8zzn5Il8MGg15976JO6g+o7MRmA3bMH/hJTbdIe1SIaz6YPcqu8xPxU1vcPnu1J9fkUtq2pDtWnSdNNVK9oGWASYEwOPMdU1rgSnyW/DbhxHeTFjSVXMErunK7yVxw23LzCRtdmuDtCjEr00hoJPJIa+KV3H3mt8SAp+1l4727qQOUNMeJ468uHqqs0OJ3jfyRwi6E5J80W+xuLgn32kdHFWrFarq1k5r2guYJa7jpwPw9FR22r6eSHauAMcWmNjzbw1XQ+xdP21Oqxw3YdORQym7phwSas5NVyuggfH9tFpSOUR5j6fEre6tzSrPpxs4j4rK+jZjx6HqFpS4Mvk61+GOLA1GSfebl8+E+ei6yCvmfsViBp1MoOoOYH78l9HYfc+0psqD9TQfVZZ3CRMnKTCi5R/mBzQWIB8aJLRZUzalc7U+prDJJokcdosdxBCVNtzJ5IjMQNUH+fAlYM2qjlfDoNR2kv5crEN/FBzWLPtl9sOySm4tU7nyFMLaQtaluQFmcZpcrgPdGyq9oz7Om9/ENdHUxoPVUTGq4axtAcpcf9LBAHnBPqrp20cRRI/1N/wDoSub4zVAYXHR1X4N00HLTKPEldX02CaT/ACSbElBsy8qO4rxoFrWr6JZd3EffwXpIozt0HUW5jJOiKtXSSANOCCwwF1IxvP380xw/unKRqf8AlDIZHoylT75TahT1CD9nDgmto3VJkxkEEChIUFSx4t0KZU2LICiY7bYnqW7juAfJRDD3HkPvkrC14HBDVoKYpICWMWW9vld8Fbezr4cPFImUoVh7MNDqgBVLlhQVC/tp2XIrvqNbmaTJ6SBr4KrNwpoMlseU/Fd6xO2hpO5DR8lTzRpE+6GnjH0THxwAkpclf7O0qDQ7OwvkEd7r0XQezFgxjO5MEc5SBlkHaECFa8GtA1ojTT5IEnYWSlA4t2zwzLeV40OYkeBEqkV6pY4CddZ9V0f8Qp/NVKg4VAyPBg+nxXNca/z3jlHyB/dHjdsz5lSsKsK+VzXjnB8D/dfRf4aX5q2bZ/S4tXzRbu0Hn+y73+DNb/Aqt5Oad9O8D9EjUzUKb+xXcTor2oGuwDVGucgbw6Lz/q04bbXZeO7F17fgAqqYhfa6FNsVboVTL95lcjTQeV2x4X+dPNYlHeXi6v8ADolHYrW+bGpUla9bBVQrVDzUguDG5PJUszljpIqWPmxP29rFzInQuEx10j1I9Cua9pbqakcGAN89z8Srp2mrZ3NHDMNP9sn78VzfF6sucebiul6dCooGb4BHvS2q6SUXVchCF3IGeQbg15kdB913wPBWxsbx5qihqbYVjAptIeCeXhyQZourQzFkrhlmImExtGpJh2IMqmGzpvIVhoMWWXHZqjT6DAVC9y8c5C1Kh2S3IejavcQENQeXuiVC90lbs7qOKBlIZ27DrKY4a8teDMJGy7POUVQudZkBE50XGjpt7VqV7OaZPtGTpxcAPiueNxR06lMrTH6zWwwBreZ1cfLh8VWLiQ6UM5t8kilHgtNniR0V37P4hmEFcqs66vHZmrsTsqhldlzipRoTdprRr7qqdIDnHbjA1HouMYu8Or1CNRmOvhp+y6B2yx8saXN9+q6oJ/l4uI5xMeK5vGq0ablbjFqZdRCbZndnp8Su5/gyCKFUnYuZHk0z8wuKUh/htHN30Xdfw2tiyzadszifLQD5LmetZnjw2vsGEbRd6twAoX97ZBXCOtHiF5WGSeqlUmG47ehJiluYKqN1h5Ll0HEyIVQv64BTccHintQcXYq/ILFJ+dHNYtlyGcDS4OsqA1DlhFtYCCDuh8sJUsWTG1QtysqWOVIdO5DT5SfnoFz++buPveFeu1V2A7I3vOO8cJHdn12VJxG3LDlO+kr0ujXwTfbFTFFZ2pUbkSKUujnP9kPErppmdmjVu5vFeELafvxRFDTsuYqxzC6FSGi5pg1TLVB5FdHt3yAsmoXJs074PXoC/OUAc9/3TJwQd+ycvisvk1PoVW9/TnICXHoES+pP6Y8dENXwwB4qNGvEcPNNreqxxpsOkDXrpz8VpS44FXXYtqKexa0nVxTWnh9Ml07cPmt7DBmuJBdxMfsqaf0WpxCLd1MCMxHil+KsZ/MPXVMP4SA2mdS52aRuSYEAKtN7NuY81Kurjr4IWrXIbf0MsEpmoY4gwfr6K4YpVNC1unNOtG3qQf8AuFkD4keiU9hrDvlx21JU34jXYpYc9v67io1oHQO9o/yhseYS8auSJN1Bs4/dXNSqc1RxcQIExHkBoh6bJKneNB6pv2Uws1qoAGbj6Rv0lbZzUI34Ock2zT8qQWM4gD1IkD1K7t2cBZb02jg1vHouTU7V35ss4gjb+YZv7LrFs/K0AbAAfBcXXwjnUYv/ACPiqDatdb0rtKbm51XtGrqvOLCsWWkNfQ6e3OFWcdsdCnbLwN4pDjOJySFqyZFaUFyClRXfyp5rER7ZYmb2WGWNy6pXew6Bm/UkwPLRE39NzGmJ4xzQNSqKF+8HQVQI5Zm7j5/BOq/elFPJJSi31SYNFNsLFomo4OcSTtOk8dNSSVX+0OGVAcz2lrSYE6EwAdRuNOa6DeWxoUxUiWgy4bbaEg+YkKqdpL0VWjWdJEcCeHkIC62nzynJNLgklwUNz8lRruRB9ChHN/VHVE3470IcnddmKMr7I3BahYvQEYIRhv8AmBXvD6sCCqPhDZqjwV4t2LPm5NGHoZSoqrFlN3BSbrJRruyINQ9e2G49EY8aKLMmKTRQHRIBiS2TJ6+PkE1tLhg/W46nYoJ7RyRFrRE6BF7v4GJR+i2Ya1rmjKIHM7xHMqDGrWRAG+ilwuYiITZ9rMEoZSckWC4HZ5GBo3dErmX4mYyLm7FGmQadAGmCNi8n/FPqA3/xPNXLt52i/KUPZ0zFeqCGkb02fqf48B114Lk9hTklxH/KPFGluMuedvajU2hc7TmGtHEnp9V0DDHssrY5YNVzYzHZo56bzO3QIDs1gDnQ9wLnEHK0CTHybzkqzUezxzgvbncDo3drTzcf2+awa3UQa2yfC8fZUMdKwbsngzi4Vam7u8Z3jhPKTHkFfWYf3ZWlhhhG+vEnmfojX3IaYXFlqvclcuC2qEF5bEGFvbWhR7gXOmEzo0hC5eTO99IJfkS1LMkcUmxDDxxVweyNkHdW7XeK248lxstpeCk/lwvVZv4cOSxH76JRWO09kaxkaOmQeRGyGw/tCaR9nct9m7g79JjiFbcStgBOxSa+dSqMio1rvvmtWDJF41GatfuhRFiWOUK9rUoPqtY7KS1wcC10bRxJPKJXMri4gQNhsrvi2EW7KWdoAPmdAJiJ8PVc+uK3dDdZB1HXj14LsaCMEnsur8gTYNW5nfgguJU1Rx4qF7pXVQlmq9YtApAiBD8CbNQHorxbDRU/s0zvk8oVwp6BZsr5NWFcEz2r2nUXkrTKs77HhYWpphRNcQty9VuoNcklMBNbBzZGiSh6KtqsFXvCSLvZU2nWEddHTTkkuGXkNlHPuIpve7gC4+A1/ZXdkZxjte51W5quJmHuA8A4tAHkAiOyOF+0qU2naZd9+qho1PaAuO5dm9TJVh7Lu9nDj+kmeca+qfkXwpGOKuVnWMMw+m1sACPRGPoNGwVTtMfYYLHAjxj4FM2YpnGh9F5bUYJqdUOcXfY7zABI7ozUCIFc7IetSIMrHm00uC1GkObW2EIkUkvsLrgUc+5ATMegi1YibdmlWkl1a31lHVLsLw127LG8b3uCYcW0uQHKeSxGZwvUfsS/UHvRVu0lTQhVCk1xkK1YpRNRJHXtCkSKlWm3xe0H0ladOmk1FWJf5FdSi52UT7pkeP38lzHE2OZVeHDXMT6ldJvu0dq0nK/P/taY9TAVC7TYjTrVM7GZTEGTObrHAr0XpqzJ/KLSFZGqFDqqwlar0LsCbNgVsStJW9FsuA6qMtFk7M0YBPMq0U9kqwuiGtATULHN2zbBUjZbMC0WzXJQwkc1Rwt86wNQSCRqxuqsmAYOyoQXyekwPgkdvT1VvwJ+VsqoK3yEE4jSa0hjQGgbAaBAdp6/s7Cu7/tkeun7qevVzvlJfxDqxYVAOOUergnRXJUnUTm1lULcw5fT6hPBXLWFzd/egcjvHUET6qv4bUEtcdnDK75JpY1gJov0LTAM/DwPPgtdGNMhovdVdFJ0a+DWk9eA8V1bArVtCkwSCY1OYEk7nY6LnNhidO0qGoGuceXdg9f7Ly57bPrVmFrfZgOEAR0BmB9yufqseTK9qVJeQ4yUeztVMaZo+/BQ1n5jotGXJNJrjocokcdVFhru8vLY1knkafSGTdIY29qVvXpkbpkwCENdbLRPKsH9zErliS5MIVlV2Ze31fVRUXyudknvluiOS+xh7UrxQ514h/qfZNqOBYn2huK2lSq8j+XMQ3+kaJc14GwCHBUhcvpEYRiqiqMR7UqFC1DKmehidUTBZsAvYXrCtlRR4Goixb3x0UKIsfeQz6Dj2XDDqkpoCkOHOTmm9ZJI1xZKsaVrK9aEljDdSNWrAtwgYSCbRhJVi9pkYGjkktg6Cjaj8zt0UeAg61clHbsF1s4dWn0dKbU3QlXaTWkR1CZHsqXRy4VQw9DuP38QmtSvSqtEnK8AAO4O5T1SnFacFLmVeHNbk7Oe3Tob1xUboTmHX68VJYW5zh1MDNyGrj/tBEyhLWnnGhIPj8wm+A4t+UrB7tSPGCOiXljLa9paaOndlrer7IGqHs6P97x2ET5+KeYVQJcfFI7PtXRrgHPlJ57HwKuuAsaW5hr13Xm5abJ7lzVDZz4GDGEBD3eyYlqCvqeiw+paOe20BjlyVS4pZnqcWJAkIi3pd/ZPaNuIWXTY1ONeRjlRU/ZnkViuH5RvJYtP8un9k91Hx8xbStAvXFe5MpsVCWKYqNQjNMi2aVsCvQoVRintB3lCp7P3vJDLoJdj/D3awU5pOSSzbO6Z0qkaH1WWSNMQ8FTUwoKaMtqaVJDkbhi8I1RhoEKB7EtoMloPhMLEZjKWUwrDgltoiiiyJ5MoPF2SyE/uLDkleIW5LS3jxPIJqjQLOZY7a6F3BVkiCuk43ZSxwXPLulBWiDMeWNMZYQd+qmxC3zCD5Hkl+GVYcnddstlaV0LQmsLx1M5HbfLqCrThPaK4p60KzmP6HuP6OadJ6qsPY12h0PA8lC2o6m6D680LSaplHWsF/F+qDkuaLXEaEtmm7zBkfJXTD+39lW0c51InhUbp/U2QuCV2CuzO3/MaNf8AUPqEJa3xHdKz5NJCapkqj6joCm8ZmOa4c2kEeoRVIL5twzH61Bwcx7h1BhdG7O/ibs24bmH87YDh4jYrkz9KlDJvhyG3aOpL1Vn/AK6sv/1P9JWJ/tT+mLo+WWr16xYuqQ9K0XixWQ9C2CxYoQ9CIs/e8lixDLouPY/s+CPOyxYszNMQyw2Cc23BerEtjojOtsldVerELDPKG4VowZerEUSDipslDv1eJXixNZCr4lsVzfF/ePisWIkZs3QFbbqyM90+C9WLXHozoTH3j4ofEPeHgvVirwUw/Afe8kvuPePivVingngLp+4irHh4r1YoWMlixYrDP//Z'),
('pJ9i1hRlqfbcYeT69H4e1q2VQfI2', 'mark32@gmail.com', 'MarkGr123', 'data:image/jpeg;base64,/9j/4AAQSkZJRgABAQAAAQABAAD/2wCEAAkGBxMSEhUSEhIVEhUWFRUXFRUVEhUPFRUQFRUWFxUVFRUYHSggGBolGxUVITEhJSkrLi4uFx8zODMtNygtLisBCgoKDg0OGxAQGi0fHx8tLS0tLSstLS0tKy0tKy0tLS0tLS0tLS0tLS8tLS0tLS0rLSstLS0tLS0tLS0rLS0tMf/AABEIAK8BIQMBIgACEQEDEQH/xAAbAAACAwEBAQAAAAAAAAAAAAAEBQIDBgEAB//EAEIQAAEDAgQCBQkGBAUFAQAAAAEAAhEDBAUSITFBUQYTImFxBzJSgZGTobHRFBUjQsHwF2Jy4WOSosLxJDOCstIW/8QAGwEAAgMBAQEAAAAAAAAAAAAAAQMAAgQFBgf/xAAuEQACAgEDAwMCBgMBAQAAAAAAAQIRAwQSIRMxQQUiUVJhFDJxgZGhQrHRMxX/2gAMAwEAAhEDEQA/AFVSz0mVUxpG6qrXVQnuVgraa7pElFi+CL3Aoy3ucg0KXueFFzpVW/gDNXhvSMt3JK2mDY6KoGq+PB0J1hGKmnsVaEn5AmfaKLA5AYpTA4IXovfl7JKljF6AYT7VFrIWtq48UVb0HB+qowvEATBRtzfNa5C0AdU26JF0vpZqLo5Jh94tyyFmsbx0QWqOSRG1R8fuLUtqmRpKZjbRMsQYHGQgXCFiyzUmUbArmYQTa2XzjHIbk+pH4hWhukSdNdvFIX3TAdHAknUym4YblbGQimrYfXvdJaDGuwBKG+8AeevP6oOpX11nx2+Ki2oInTc6jTu1WlRSHLjsMBeOH5j8PovNvDvmn96pYww4CdCpZ43MgnhrBhSkTuM/vUbHTv4FXUWlxWXuau4R2CYqWuyuOh0nkQluCXKFOC8D19vDh4puLSW7oam2YKLdUgQl9SLKbhTfMy6BBCoQnL6ObdUVLEKqyRLbrKrU5tFO7tYEhTt7fKiLiSEeouxVsVttTEqLGjiiLi6gRCGZzKv4CGWmjgYWlp9ISxsNMLLNrQEPWuVWLfgHJp7zpVVLYlIWXznOkpX9oJUqdfVXp+SyRqrXFy0aKNfGS7RZw3KsZLkuUAOI3+8TzXED9nK8q7CbQnMFRcDkriyQo0qOqomiti+Y3XetR1zQACGptBV93kllDip0Z3RTrcKxuUBDqLwDcPsB6SOpDLEp7TxIVnSsA3fRM7G5LSIR6jXBLNddZmkFuig6+dsfarrUl7J7kmvqpY6CrS45IzY2NeW78FncdpkEmF3Ab6XRwTfH2t6uUfzRJ3RhHVpK5V1Crq0+0Sqb64FNhPs8Vk2vdRRLmhFjd4AI87WPqlTXSJGnHmFbfPloPs9aCa4jzYC6SVKjZVcFlW41g6LlWv2dN+MfNC3Gvdrt9F4M4zCNkL6d1oJ3j4zuqBdznHAj481CoyZj96qrqj7VCUdc+fh9FzPBHCDPsUCCF4skqAN5htcuptIOsa+KOzHikHRav2Sw8NR4Ju+vqsU1UmhLXJbUrQu0q0oJ9ZVvuo2QWOyUMjUCi64CTuquK8x5VukHaMHNBKshsINj5XKhhBxfYFBBoSqKliVKjeRxVzb4ORTlEHKFtS2IVbaBGqbFwKortTI5AqQpfMo6zrEKdO35qbqICO5MO4L+1ryX5l5EljRlTRWMqQl1IFT1WZxQvaG1O0oC3A2Q4cUTReeKrTRVpo71JhCdQSUe6vwUJVlKkHdR2lb6Iq2pwZVVGuEQTKXubZVOx/ZYmGthKMUus7pQTKhmEdQoSdU5bpKmXpspw65yvHBPsQvczEHVsmNAdxXar2FhE8EyMGlQVGhRUeClON6047/kr3vglB4i6WetLxp70SH5hIaBqHTYIrD8BqVSBGUd6uwsgVAOZ/fzX0i0tW5QWhaMk3E6WDEp8sz1n0LpBvaOY+r6IG/6JtE5R+/Yt9Ste9Wuw9p/5WbqOzZ0oV2PlFDok7NLtAp3mAjYBfTa9hOkIK5w0R3qPKwLDE+UXeD5NYnmgjbaZo8F9GusN4b8VmcepinTyjmfUSZTceW+BGbTqKsUYM7LUHeCPgnbmFIMKP4rfFauoAEcrqRzZvkWVGlQA1TLKChq9KNlIyImcaBC4Gr1Fs7o1oACDlRLF1V0Kl7yQmVSgChaloopIli8BE0GkKItyCj7diMnRGepaqVUEK8ABVOqgpV2U7gfXarr62indM0kIO3dMp0EmFckusXl3L3LqZtLUMmuGyvYwngoBkK+nWWKQl9iBpQvALtV/cuU5VaKUedSlRc0hW9cFIOCIQUAhWsuCFeIUS0IJkLrO3c6CmtCJjaEDSvA0QqDiHamU9ZIoZuQ+xK0dlmdFn3VI0TmrjIdTjfRZmoRm1RlNeA2iyol2JOIZ/5D2Jl1rYU61rTrWzmNnryczSdi1royt18Z8UvG/dZbBjlOdRFXRazNe4HotAc75Bba76WUaHYY01CNCfpzSnoHa5aNd0Q4w32Nn/chru3qMP4dKSTq5xDR/mM/AexOm05cnUxRahwGXHTp3C3qeMR8wjsH6ZMq6EFruRWXu6V4dHVKIbyBJMes6q3B7B5cC8NLpGrSDI56beBS5RjQyDnZvLzFg1ubgstedOKbSW5XPPdqn3SazAoQBwHr9a+djD6w1YWU+Tjl1dOszsFTHGL7l8jkuw7PS8kz9nfH8zSP0S3GLyndMOUZXwez3jXRefQvI1r06nJrdf0RNvhrx2qjA398k32oV75LkyeEE9Yz5epPa1YkqjBoouqVMuZ4llP+UyQ4q+q8uhzvOIBMCO0RqYV5O5GHJicYKZ5lRWufOiEcQF2nVUEBcABVOrKipVnZcp0pUUfkJaLpe+1FSFsFU6gptTJQU2sF37QAhm0lRWPBV2IFDA3AKArvIOirbKsaQd0VGiUd64wqadUBEmmCFV9mV4ySJdHOvC8vdQvK29E3jE3Mq2kUNRomZRD3xoszS8CmX9aF41eSAgyiaLeaq4pAaokylJlFhojdDVakBB/aihTZXlh1V3eo0396BaXEohjuZUapECqglUdTzXjchD3N+ApFSJGwp9wGhLq133oN96D3qBuASnRxUMUS41zzWk6MuDmOedeqDhH9erT/AOyylQaLW+Tmm2oLim7b8MmN8vbHZ75hGcfabNFLblQ96K0HNpvzghzqjnEHkQMp9kLV0bCm9sOYCO8A/ApLTuMp7R46nwA+qPdirQN1mm7dnVjGuED3PRu2mcoPdE/BetsOYHQwAAEbCEpqY4+u8soABoPaefk3mUVU6SUrZgZUBz84JnXmEKbGdh3i9jmows3bW1IuyvaD8ERfdMmdXMQN1nqGONuG5WSHAk5spEe3dHa+4E67m0tMLoMEsbr3yR7Ehx2nEoGy6ROY7q6sTwcNiP0KrxfFQ4aIU7BKqE9lYHrHz5rnFw8C6PqlNzWlxjaYHgNlqrV4bSLyCIBcXHiBs0evVYoStUObZztW6jGKLMykFOjbzuinMaArWYASkdUXTMKhxAUDUlHuWDTUVFWsvUXBWZAp2IVNrlVOfKvfTQ/VaqUgFrGyvGkrqdLReqMlUvkhxpEKs1EFXcQd12jV5o7fIKCc66qusC8pQB6xwVFxCqNVV3GoSlHkolyFUXhWF4SdlaFL7YrPGHaXXVQuQIqZSinVhCXTmcrQiSKDje6IR904lEMpjivPyhWVIPBVQJKsqWs7qDqoGyg27Mo0/AQmjYgKVSzaNUM++jiqn3hIUqRKYwGWEZhF+bep1jDwgj0mnh8As82uV7rio4FlcXaPplDFG3DSWtywdR3kbpNirqhY4NJn9OKV9E7yHvYfzCR4t3+B+C0YcAZ9qzTW2R2MGR5IW+4vwnGKFABpcZ5cZRl5ilGqPr/wirfCKZe2s1jS9oIEjRzSIgjin9DFKJBbUsmPkOboWgw5+aNR3lXST5GVJLtZ85r27CdapjlA+c/orKGIUqWzc3gf7L6RcYnaklzcOBOWILGM490geKzuLYk0jI22pUtGiA4VCC0OaJ7I4EfFF0wJSfaP8mMdfNuagDGkEOGvLX+yJqt7UTsmIoNosJAhxJcf6jv80qdV+J+aC5dIr2XILe4k9/4c9lpgDbbmuMaIQNdpY8h28zPAg6gjuRbH6J8o1wcmcnJ2yxtRS3UWQo1HKpQ7WAUOq0UWu1V7nwEexLKaYhE0npfVrKttxqrNWFjGu+NlEVwgqlxKrD5QoA2p3PBerVSBKX0tCjHvBEKjjTALKtaSugqbrbVQq04TeAnMy8qdV1GiUagMBUalKQoU6kDVGUaoIWN2hTtCmtZodlmU8NuSV02wCsstB6lCd1AxCEcwhPqjQgLiDsrRyWRSsXlxXOqJV+YK6lqm2XAWWziVZUsyE4t2AbhddBOyq5k5M66gVHInVxak7BC/ZSOCsp2FMXOpwvNaU1GF1X+ZTc7waT8U4wnomfOuSaYnSmCM7v6nCQ0d2/gn48c8jqKJYmtKJpUXXTgcrJ6tsluepzn0R3bnTgVpHPLSA7iAQeBnX1FD9ModQexoAa1sNaNAABoAOCNrU89Nn9DT/pCGuwrHSN2hb5HGHOkQPUpXrS4bEO5jRZ6xvzRdrt8lo6XSKmRrC5zTR0UxNXZWGmZxHc1RFJw/KS48SmVTpIwHQCOaBuukrNdp+SPLI38sXYy7KIJ/5WVxaq4BhG2cT4DZMLm6dWfJ2Q2LM7Ed4+afjVNGXLzBjajTZVaGVAdPNcDDhO4E8O4qq4wGoBNNzag4aim7wykx8VyloEcLjSF2paeE+WcnyJ6uGXDBJpO09EtqEephJQRrFb+wtmQ13aJIB87iQjHYfTf/ANwCoOTmsd8SFzJTwW0m+PlHV/8Akamk6XP3PmoqK1r5W/f0Ws3fkc0/yvcB7FRU6F0D5tSo3xhw+SXug+zFy9L1C/x/swVWnK4Ka0OJ9HKtAEnts9Nv6jcLPVN1YxyhKD2yVMqcvNfC8QuAIlCzrFdRJJVLFYKkGQpRA8sgSh6y4LvRUPr6qtfAGizIF5R60LiJDQ3dvOyjY2xlHU1cyAsG91RnUuC8MACDqtkq15K60aJRQWXlExog7WjrBTuFzqQmqdKi6boCOFB2qsZhwajTUgIV91qipSZeNltK2apm1aibLCa9TUMyDm/s6eG6f2eGMpak5nc/3t6vanLG3zJ0jbh0mbK6SEdDCy7UgMb6TtPYNyjrfD6YIhkgfncAST/K06Ad5Ca1Kvo6eGiFdVdOpV1mhi/Krfy/+HawejRu5u/sLXV6rXkOIInQ6actPCVx9XWZXcfpEsLm+c3Xxj+0pTa3Ye2ZXa0Gr6sGpd0c/wBT0K0804L2v/ZHExmBHMfNX4dUmiwcQ0NPi3Q/JUVRKHpVuqdr5rjrHB3NL9RwucNy8GXSZFCdPyEV6YJ1Su8syNWlNnOBQdyCuHF0dV8iBznDSSutpTuUdXe3fihZTkxDVBFtThRv6eYsH8wPqGqupugKLTJzcNh+pTNPBzyIpmmo42Whce5cLlOhBc2eY+a7knSOdjVySfk09oMrWjkAiw5BteiGvXkW7dn0bZSSQVTerRVQQeu50bFuAw67TXUd6xfSbAQwmrSHYOrm+jG5HctLUqdn1j5q0OmR+weadiy06fYw6zQRzw+/hnzOoBCFyGVrOkGDMYQ9jS0Ew4btk6y3lx0Sw24haVNeDx+owywZHCfcVNUyQi3WioqWpVtyYm0UNCqqjVGU6UK020qXQLFkryY/Yl5TeiWjQUXK81YCqpiFGqVz33Mz7khXUuuQpcpBwVtodoY16mXaJeH6qypXgKbWWUWE2lB1Z/VtI5knYAcfitdhuFUrcS0Zn8Xnf1ch3D4pF0Kp5utqnbRg7z5zv9vtT6rVAIAPDb9Qnqoo9N6ZpIdNTa5ZfVuChXvlcqVFQ6olzb8nchBeCw+KHNWNDsp9Yh6xlKbHxiSqOjvBWWrUeprlv5XSR3HiE+DyOydkLjNDMwO4tT9JnePImJ1ukWbC4v8AVfqBwqarAfWq6l6ym2XvDfHc+A3KXV+kjB/22F/eewPqvTTzY4/mZ4WOKcn7UEB7qZg6t4Hl3FFmuCFR0avKdzVFOsSyToG/mHIEjQr6hRtbANDW2tsNAMz2NeSI3k8e8Lj5cEZvdj7HQjknjW3IuT5LcFqDL9U16U4f9mrup7sPapu9KmZjXiQZB8O9I5nwH7hIWN3tDOfkJfVEanwG0+J4BUjGADDmkf09pRo0useJ/Y5Iyvh7GtnTM7QT8StLyPC1GA7TaH8TB5JOkjwxGk7ZwHj2dfWjrZkxGskcUoZhNORL/Zr8k4w+nRpGGz7Cmfi8ri6jZfH6ZijNPJkSS+6H7SrA5BHEGDaT6oVZxPkz2n+y5cdDnl/iehyeq6SHea/bka01IFJ/vF52geqfmqnXr/SPqgLTH0rM+7SMM/XtMuyb/YeVnaDxCuplZk3bmuDvO14mZTmldh4hvr7u5J1Ging57r5NOi9Sxav2rh/H2DKoFRrmu2cIB5HgfbCy9Syc0kHcGFp27Qq69IO19v6FIhLmjB65o9+PrR7x7/oIbS0nzlVe2sJsRlOipqtkyU/cl2PGpSU7b4E7LQlerW5anDXNUuqDkN5o7iGDyXk++7xyXlLQKBHVFQ8qOZezJSQqKIqzIuFwVRqq3JbkIa1VXTZC4HqpxzENHEgesmEY9y8VbNzgNv1VrTZzGY+NQl3yIHqXLkZtjBGx70Y46EDYaeoaBBVjGqpkdnvNLj6cFFeEKrip2tdDxH83MdxQtWs4HRxHrKYYtb52yNwlDH5mrt6DMsuPZLlx/wBHn/V8EsGXqwdKX9PyS+8Hj8x+at+8H8YPiPol7ipg6LVLT4pd4o5sNbqIO1N/yMG4lzZ7CoPxXUgt0IjU/QIQhUVx+5SfwGBc7TU/WNW1W7+kKb7DWOeS50H1nRUNw+m0+f8A6T9E4e3OIPnBCERoVSWji3dsMfUpJL2Rv9/+lT8jYeyQ4GZAywRxX1Do5Vz0KdaAWvbq2B2XDRwHgQV8zfljRfUfI7UD6FaiZJp1A4AehUH/ANNd7UOjHErQrPrJ53cklXwT6U9Hm3dq7qxL2Avp8w8DVng4CPGDwXyJrBAA46+3b4fNffsQturLiOzxj1Svg91WLnFwHnku0GwJmEVBN7xEp8UQNMcFwU5PcNB+qtiO5W0Kaeo2xe5olRpRqrKLeK6/aFZRGickUsnCk0LwCmGq6KngFWVa/QKoKAKrieyBqSRHin1pSDGR7TzKSNqBrgSQPFF3OJgQGa9529i4+ujly5OnFcHpvSJabTYXnyy9z4+9fZDsPgSdPgqHYi0aCXfAe1Ja1ZxEuMqVIq2H0uK/9HYrWeuyyJwxRpP5D6lfVDXVfRRrAkAjw+iEqArBlxdPI4nnK+Sh1yQUdZ3qEqUZCCDspVNpDT/bRzXlnftK8pTDZ91/hvYehU965e/htYehU965bBeWnZH4H7V8GOPk0sPQqe+cufwzw/0KnvnLZLyO1fBKRjv4a2HoVPfOXqfk0sA5rgypLSHD8Z27TI08QtivKbV8BqjPnohbbfie8IVZ6FWv+J7wrSLyI78Tmu97/lmb/wDxVrERU94UKzyc2I2bU1/xXLXLykXtdx4Bkz5ckds5Nr7syLvJxYn8lT3rlRW6A4azzsw23rOmCQ0GOUkCVtUBcYW17y8uInLLREOyOa4Zhx82PAlM62T6mJpGbf0Ew5rS85g0DMT15gNAJmZ2gE+pQZ0Ewx2xJ1y6Vz53LfdP62AsdPbcAeskDL+cVhy0gV3f5R3zN+CtLg5ziSCTBa2DmyZtI5sB7tVOtk+pkpGaf5P8LbLiXCJJ/wCoP5RLuPAKTvJ5hjte0YEkiudGnYnXbvWkqYMwhozOADXMMQC5rgZDjGvnT4qDsDaSXF7iTB2aIeDSM7a60WaHTfuidWfyyUjNUvJrhbiQ0PJBjSu/0Wu0110e06c026PdFrKye59uSHPHVumtnktOYNg8RJ9pTWhhYZUfVD3ZqmXPsQcrWNECOzow7el3CKhgjYYM7opjK3RvmBzHBpMbzTbrvug5yfkJTe4NbXDiXOlxDm9mrrBHagA8iPak7fJhh42ZU989aKhg7GOY4EywMA0AnI2q2Tpx613sCIp2LG1H1g2HvDWvdmcZaycvZJgbnYKLJJeSGIb0CwpwaQyuQ89nWvrsZiJy6jtba7qyp0GwpgqE5wKUdZ+K/szqPH1LS/cLMpbMAuzaMptymAPw4b2DpuNZK5X6OUXdYJqDrBrFap2XHrJcO1/iu027kerP5YKRnH9A8MktLKxLRMA1iSJAloA7YBImJidVBnQ7CoBHWQWhwOerGUtDgNvOykHLvB2Wu+69ak1HnO3IDpmYyIhronmZMmT4RCrglMvL9pbljK0gDJkDZicsa5dp1U6s/qZKRmKfQvDC5rR1ku2GeoNZcIdp2TLHiDB7J5I3+HVj6FT3rk2t8AYxzHBziWEnUN1cX1HuIMS2TUMgbwE3U62T6mSkZF3k6sT+Wp71y5/Dew9Cp71y168p1sn1MlIxdXyYYe4gllTTb8Z4Xf4Y4fM5KnvnrZryHUn8sNGQd5N7A/kqe9cut8nFiPyVPeuWuXketk+pgpGUHk9svRqe9cq3+TixO7KnvXLXryXL3O5cslIx48m1h6FT3rlU/wAluHHdlT3z1tV5DaibUYj+FWHehV9+/wCq8tuvKbUTaj//2Q=='),
('pJ9i4hRlqfbcYeT69H4e1q2VQfI2', 'spatel@gmail.com', 'SrijitPatel', 'data:image/jpeg;base64,/9j/4AAQSkZJRgABAQAAAQABAAD/2wCEAAkGBxAPEBAPEBAQFQ8QEA0QFRUWDxAQFRUQFxUWFxUSFxUZHSggGBslGxgWITEhJSkrLi4uFx8zODMtNygtLisBCgoKDg0OGhAQGi0fICUvLS0tLS0tLS0tLy0tLS0rLS0tLS0tLS0tLSstLS0rLSstKy0rLi0tLS0rLS0tLS0tK//AABEIAL4BCQMBIgACEQEDEQH/xAAcAAACAgMBAQAAAAAAAAAAAAABAgADBAYHBQj/xABEEAABBAADBAcEBggEBwEAAAABAAIDEQQSIQUxQVEGEyJhcYGRFDJSsQcjQqHB0RVTYnKCkpPwFzM04SQlQ3OissIW/8QAGwEAAgMBAQEAAAAAAAAAAAAAAAECAwQFBgf/xAAtEQACAgEDAwIFAwUAAAAAAAAAAQIDEQQSMQUhURNBFCIykbFhgfA0UnGh0f/aAAwDAQACEQMRAD8A9wNTBqekaXhDqiAJg1OGpg1ACBqOVOAmAQBWGpg1WBqYNSEVhqOVWUjlTAryo0npSkgEyqZVi7Q2lHBE6UkEN5EHuWFB0lgk6vLm+ssiwPdBAs66bwrFTOSykLKPXyqUtP2p01bHN1bKcGnWtRXE35LA/wARtBUBJrtGwGjuHErRHp98llRF6kV7m/0pS5n/AIiYkEkwxVd73Cm8u8962zYPS7DYlozvjjk+Fz2ts91lK3QX1LMl9gVkWbBlUyoQyteLY5rhzBBHqFZSxtYJleVClbSFJAV5UMqtpCkgKsqGVW0gQgCrKlLVcQhSWAKcqBariEpCQyktSlqupQhIDHLUuVXlqGVLAFtIgJqRAWgiABEBMAjSAAAmARATAIAACYBEBNSAFpSk9KUgBKWudKNphrZIO02QszA3lzM3EsPE6+RHetmIXh9JtltxMeU6Ob2mmtWuH2mn5jiFfpnBWLfwRlnHY5K7ak7WPw5cS1zgK/iWRjnmNrS1xrIzS60qz5aBY+04jHMM47Wdt+IO/wA1g7YxNtZW7K0fcAfkvXRhDGUY237iztLGj43iz3DgFiukc3s8d58VYJre554aAdw3j5DzQjrWR3vOsiz8V14aAnzVuCDZW6d2lmyrMx33pyq1ViYg2jZ13nchHNlFu3cAngWT0MHtWWEgxyyNI5PcPKrpdP6F9Lfa/qphllAFGxT/AC4FcgDc1E6E3pvP+y9XYc5inhLd4kZ38QsGt0kLYPt38ltdjTO9KUpGbAPMAp6XkTaV0pSelKSArpSk9KUgCukKVhCUhIZWQgQrKQISYFVIEKwhAhIZUQhSsIQpAD0mAUCYBXEQAJwFAEwCAAAmARATAJgABGkwCNIELSNJqUpACUqsQ8Ma5x3AErIpeD01xYhwcrncab7odqe4lSrjuko+QbwjkHSPaRmnkeQNXndvFbv7peNNIHto96d1vJDRqT4Lb9j9ETkD5LB30vYxxXFIyRhKx9jR2e6eevqnkJJoXlFAeAAH4V5rof6EiA90nxTx7EjA3a8PBR+IRctHLyc5nzPdeU5RQaPxSyMddlp0/u10lmyY27mj0TO2YzeB91pfEol8E/JzXPX48z3dwVkcpBz5dQQQd+oOi3rE7HjkBBYCtL2ng3YaV0Z3Hd4FWRtU+xRZRKvud72BjBPhYJh9uKMnxrX716FLS/omxWfAuZf+VM9tcmkBw+ZW7Lx2pr9O2UfDNMXlJi0hSZSlSSFpSkylJAJSUhWFKQgBKQITlKkxiUhSekCkAhCFJ6QSGEBMAoAnAVxEgCYBQBOAmAAEwCgCYBAiAI0jSNIAFKUmUQAlLUfpSZ/y57vhlh+85fxW4UvA6eYUy7PxLRvawSfyODj9wKv0zxdBvyiMuGcd6O4drpGA3q5o8iuzYvCtDaby+5cv6PYajC4e91jAuj47EiOi4009/kvWTK6UYEmGbqeKxpI9Vc7FRHTO3N4qsMDtWuB81klH9DoRmvJT1JVwa0JzD2SXOAaO+l52J2vh4tHPF+ISjFv2HKaXLLZYxei0rplDcjDzZ8j/ALr2pdvwZtH6HjvWB0gAljbM0hzW200ee4q6Cal3M10lKGE8nu/Qy85cWzhcLvPtD8F0ulzT6HHC8Y3jUB8reumUvO9S/qZft+Cqr6QKIqUsJYBSkaUpACkJSnKUhIBChSchCkhiEJSrCkKTAVSkVEAMAmAUCYBWiCAmAUCYBMCAJgFAEQECIEUQEUABRFRAApU42DrI5Iz9uORnqCFevM6R4h8cH1ZAkkkiibd/adR3Hlasqi5TSQ0s9jmPR2VmFmLp3NqBsmYBzXlslAC2g6bysfb20Jsc8SNIbAPczOy6c6F6lbRs/ZLYsaS45usZPZJzX7vPzXkP2C1zXx1/kySsyglvZBtmo3dgt9V65T7ZZV6T3bTTcdhiCSZxe+gHmvG3LJwOInLew++rGbeWGhv5hZ0+xxdNiAq67TufIKwbIfHBIA0Bz6a2m1bnGgm5xYKmSyzHx3SGSdsbBE9t0A50gp18SAtfxUXaJe5xoAmhQrztdC29sNgwrIox2oWxln77QCde/X1WvN2UJQ2RuuYA7hdjge8EfclCccEraZt4byeThmQCra/1zDhy04r2uoDI8rQ50UhpzAQ1xFEghxBo6clmx7NdpnNNHMAfJZnUscWhjgQwkmjYHZIq+ev3IlYhKjCwyr6PtqR4TrZTA9scpjbZkLjkB98itTZ4UNF1ka7ty5Hsidj8O6GqLQWG+NaWF0/YOb2XD5zbuqjv0/JcHqlazv8Adl3pqMEZtIUmUXIIiqIoIABSpylKQClApigUDEKUp0CogIoiUEAWAJwEAEwVohgEwCATBMRAmAQCZAEUURQBFEVECIsPakAewX9h8cg/hKzEC0EEHcRXkp1z2TUvA08M5dgsVJ7c3O73ZDFlvg7Mc3/iFtu09lRmiyR8b5LzlpaQa3W1wIvv3ryulWA9nDJaBdHK0tdpeUuFXz5IM2l1rC+zY3+K9PCadakvcseJ2HjbUa+AhrZ5HPcQ1oDIdSf4V6Oz8PHAWYjFzOdK0kNa9/ZzEaEC6vfwWmYfbcr8U97GZ3jO1gO5oGl93ivQnw+0JiH9bC2gDWe6PgAQVbta/QfqRlwsm67RxkIaX0aLRrfHn3rVZ9nYaW5Indsk5qsa94VL4MaW27EYUPH7Mvy3X3rw3YHFxuLziIxuNmR2Xv8As6BKMP1JTm1j5TZtgxYV7nNmi7bNDuvuOvBejjHsY0kUA0cqWgbOx0oxjBna/tBmZpsFp7+NLYOk2LIaYwd4N+FJTg8pEFbHY5YwDo9gnSCF43yN6sADe66zH++C6/FGGNawbmhrR4AUtW6AbEMOHhlky5jE0sqzQcLLjpoaNLbCuB1G9WT2rhEd2UkBBFRc4QEEyCAFQTFKgAFKUxQUWMCUpkCEAIVESgkBaE4QCYBXEQhMEAiEAEIhRFAERUUCAIioogRFFFEAedt7Z7cRBIwtBdlcWEiyHDUV6LmWzsd1b3Nc09o2QeB46Lq+OxsWHjdNM9rI2alxOg/M9wXHtq4+KaR+Kw+bqJJJAMzMlOFWK5G7Xc6VulGUGu3khKeySZnYfohDJ1xdqJCXNokFt6rYtjulwzC04eJ7A1oJ6poJoEF1jQkita4btVqnR7bRbKGPPZcaGugW27Tc98REcgaRrdWCKXSk5ReGaa3XJZSMpm1cNeb2SMOy1oxm9eRt6abFjqerbHHQDiALLezpflw5rWXnFNd/qWHWtzgvfw8rxHcjxYFk7h6Ik2ia9N8L7swnbOw+FqQNALG00UN54/ctcnzYmdrOMsjIwP3iB+KG3dsF7zR7IsLJ6LYuHDSsxuIa8wxHK3KA4mY+6+r3DtJyUowcuX7GO2xSe1cHasPEGMYwVTGtaPAABOsTZW1IcXEJoHh8ZsXRBBG9rgdQRyKzF4+aabUuSxAUUUURgQKKBQACgigkApQTFKkBECigUhilBEoJAXBOEoTBXEQhMgEQmAQioEUARFRRAiKKKIAixNq7RjwsTppTTGjzLuDRzJWHtnpLhMGcsso60ixG3tSH+Ebh3mguT9LNuzYt5c8nICcjB7rG8PF1byujounzvlmXaP8AOCqy1R/yeZ036UTY6S3mo2k5Iwbawfi7mV7/ANH+EEmz5Q9ttfM/Q/utFhc7xrrK7B0SAZhWxDk0+rQvRTUaoqMVhENPFzk2zVdqbJkw/aZb2A2NO03vPNUf/pnZcjjoABrvvgt6nYCSDS8PaGxInknKLPcElapL5i50Si/kZpY2w7rLJ7N6fimm288tyNJo0PHvXsTdHGA7h6LIwWyGMPuj0tS3w8EPSt4yeJsfYz5nB8ujbuua9Xpq3LhGhugbJHu4ABy2DDRALC6RRB8RbzDvkVS7N00XKhRraNU6G9J5cBN1jNY3UJI7oPb+DhwP4LvWytpRYqFk8Ls0bxpwIPFpHAg8F8yQaX4rbOiPSmfAP7BDonntxu913eD9k94WfqGgV63w+r8mOq3a8Pg70gtZ2F06wWLIYXGKY6ZJabZ5Nf7pWzLzVlU6ntmsGxST4IgigVUMCCJQKAAUESgojAgUUCgBSgiUEgMgJglCYK4iMEUAigAooKBMAqLD2ptOHCs6yZ4a3cBvc48mtGpK55t36RpXW3DNEbfiNOkP/wAt+9atPorb/oXbz7EJ2Rjyb5trpBhcELnla1x3MHakd+6wan5LnHSX6Rp5Ljw7TCwjU39bXe4GmHuHqtLxWPLnukc4vkdqXOJcb56rzpJCSSTvXoNN0uqrvL5n/r7GWdzfHYzG4gkvkcSTVWTZzOPPiavVZ0sgliB4jevFmNRs/ae93pTfz9Vbg8Vl8Ny6kShmJiWa+a6x0Xkz4aJ43huU+I0XMcWwOFhbb0I2qWtLSdL7Q5H4vA/O1m1UHjJt0U0pYN2lYHa8VhzsO5ZecEWNxWBipC3wWBM6bRiYjD96SMEmh/fmklxZOgApZGDjdv4KbZFJF4bl7yvO2y7LFI88Gu9aWe3Vy8bpjLlhyjd8zwRBZkkKx4i2c8Y1ZEZpANQcupg4ZZK7d3/2FtHR3p7jMIBGXCWIaBsmY0OTX3bfvHctQe7d4ogqm2mFq2zWSUZOPB3vo700wmNpmbqpzp1cjmiz+w66d8+5bGV8zxyELbtgdPcXhgGOd10Q0yyEkgdz9/ra4eq6O/qpf7P/AKaYaj+47QgVrWxunGCxNAydVIa7MlNF9z/dP3eC2QEHUahcO2qdbxNYNCafBEEUFSSIgUUCmApQRKCiBkBMEoTBXCGCKUJk0IK8jpTtsYLDmXQyuOSNp3F54nuA1PgvWXHulO2/bMVJI03BFmhi5UNXv8yPSl0OnaX4i3vwuSq6e2J4m2NrSzSOkmeXSHSyKofC0fZb3LxZZrVmKkzsz8Q5wP4LEaV65RUVhdkYMiuKqJVzwqy1PAAe+wGk6Akjz3hBoITGO0pBA0QBmwi9E2CxZw8jZBrRIc3dbeX4+S884t40FD71c82QLsIeGsDi3F5R1nYOPZLG17DmYfIjmCOYXqy4Rrxu36rkex9sS4R+Zh7BILmHc78j3rpuxduR4pgfGd1BzTva7kfzXNtpcHn2OvRerFj3LodjsJ71my4JrW5WotdxUxONiiYXyua1o+0TQ8FS+5o4McYeONpceAJJJoVztc06WbWZiZGtiNxszHNVZn7rHdQ38bV3SzpGcWTFHbcMDu3GQ83ch3LWZ5A0A1wqluoo2/NI5mp1G75Y8DqpxVXtf7J9URKDz9FpbMY7xpfeg0KPdYoXw4KMQA4TZkqKQFrZF0n6LukQBOBkdobdDZ473RD/ANh5rmd0FZhJ3Mc17SQ5pDgRvDgbBHms2r00b6nB/wAZOE9ryfSCi8novtgY3Cxz6B/uSAcJW1mHyI7iF6q8RODhJxlyjop5WSIFFKoDAVEUEsDMgJgkBTWrSIwRSgo2mI1j6Rtt+yYJwaalnuJvMN/6jvJuni4Lkzew0s+CJxP7x1PzXufSPtRuJ2k2DMMmHyxVf2jT3n7wP4Vq78Y09ccw1J4jivYdLo9KhP3fdmC6W6RiQu99nBzSf4hr8rWNG7gjFMA5psVY4jcdCqw8AnUeoXQKjISJRK3mPUKGRvMeoTyA4dSUm0rpBzHqEOsHMeoQAj2aqBiJeOY9QhnHMeqQCOYW6glelsjar8LK2Vu7TMODmcQfz4FYGccx6pmuGgsb+Y3JNJrBJSaeUdWb0mgbEJs4LXNsAUXH9mud6LQ9vbakxT88hpgvIy+y0fieZXmYyN0IA7I7Th717q7XgVgHU6u9SqoUxg8rkut1ErFgyn4kDjfgqZpi/glDW8x6hPY5j1VpnFjYrQEoeOY9UQ8cx6oGOi1V5xzHqEesHMeqBDuKYKkyDmPVFsg5j1QMskdu8VAVRLILGu7vT5xzHqEgOhfRXtjq8Q7DOPYxAsf91o09W2P4QusL5w2fjuqkjla4B0b2SDUDtNII+8L6IwWKbNFHKwgskYx48HAELy/WqNtisXv+UbdPLKwXoKWha4ZpIogShaMgb71Tfhb/AChTqm/C30CdRfQNq8HJyJ1Tfhb6BTqm/C30CdRG1eAyY5wUV31Ud/uN/JT2GH9VH/Tb+SyFFIDH9hh/VR/02/kp7DD+qj/pt/JZCiAMSfDQMa57oow1rS4nq2mgBZO5YTcThC5reqbTmxFruo07b3MaDp2e0Bv32F6z22CDdEEaEtPkRqFiQ7KgYMrWaWx2r3k5myGVpJJsnOSe+0AYM2NwjRGRCHCRrXjLBfZdG97SdOIjcgdo4Ae82MOEZkLTB2g0MMhsZd+UE0s1mxoBVMd2Swj62XTKHNa33vdpzhl3Udyg2RCA5uV+V7DG4ddMQ5pbl1GbU5dLOtAa6BAGNNicI3P9SC5gYXNGHNgOIA0y79dyPtOD1+rZoa/057RzhhDez2iHENNbiVmYjZsUji97XFxaWX1kgppq8oBpp0Goo6Ks7Ig17Ltdf8yWwcweS05uwS4BxLasiygCnCyYaSSSIQszxloI6obixjwTp2ffqj8JSvxGDAvq21mcwVhnG3NzZstN1Ayu1HJZbdmRBxeGuDyWku6yTM6g0DMbt2jG7+/mbV+yYSCC11F7n0JZRTjmzZad2QczrAoG0AYj8dggSCxvZBJPszi2gGuJzBtUA9pJ71k4kYSJ0TJGwNfM4sjBYwF7wC4tbpqaBPkrH7MhIcCzRzZGkZnDsvDQ4b9NGt9FlOjBokAlpsWAaPMckAedMIWStjdBEGuillz5WUAwtDgRWnvA34rCZjoDlPsrGtdJIwue1rQ0NLaLiGmiQ4EA1xul682BjfI2VwcXta9g+sky5XVmBZeU3Q3jgFT+h8PRaI8rXOc9zWuexrnGrzNaQHDQaHRAHnfpDDVIRBFTJDELDG6iQxuc6x2WhwOuqvwk0Epjy4ePLNA6Zhys1otBaRWnvjVZn6Lit5AeC/NZbLK0i3ZnZad2LdqctXxRbs2IOY8BwMcbomgSytaGGrGUOy8BrV6BAGFHLEWwO9mjAmkdGdI+w4Zu7X3Sqo8XA9sz2QQVFnOuVpLWOc1zvdNC2nn5LPbsiENjYOsyxvMjf+InsPO8k5rdvOhsalMNlQ9vsH6z3hneRWbMQBfZBJJIFA2gCYbCxPYx5gjaXNa4tLGEtJFlpNcNyt9hh/VR/wBNv5LIUQBj+ww/qov6bfyU9hh/VR/02/kshRAGP7DD+qj/AKbfyTtgYBQY0DllAVqiTSfICdS34W+gQ6lvwt/lCsUS2rwGSvqW/C3+UKdSz4W/yhWKI2x8Bk//2Q=='),
('pJ9i5hRlqfbcYeT69H4e1q2VQfI2', 'marcia23@gmail.com', 'MarciaMckenzie', 'https://encrypted-tbn0.gstatic.com/images?q=tbn%3AANd9GcRkf53ZuSz-OjSfJHzdRjvMgebQslFVRgTWbw&usqp=CAU'),
('pJ9i6hRlqfbcYeT69H4e1q2VQfI2', 'HectorMal@yahoo.com', 'HectorMaldanado12', 'https://encrypted-tbn0.gstatic.com/images?q=tbn%3AANd9GcTwmilDL0Rv9cCsO6dgLQmAbjfX6FUbSiM9iw&usqp=CAU'),
('pJ9i3hRlqfbcYeT79H4e1q2VQfI2', 'TroySmith12@gmail.com.com', 'TroySm12', 'data:image/jpeg;base64,/9j/4AAQSkZJRgABAQAAAQABAAD/2wCEAAkGBxMSEhUSEhMVFRUXGBcZGRgYGBcYGhgYFxcYFxcXGhcYHSggGBolHRcVITEhJSkrLi4uFx8zODMtNygtLisBCgoKDg0OGxAQGi0lICUtLS0rLS0tKy0tLS0tLS0tLS0tLS0tLS0tLS0tLS0tLS0tLS0tLS0tLS0tLS0tLTctLf/AABEIAPAA0gMBIgACEQEDEQH/xAAcAAABBQEBAQAAAAAAAAAAAAAEAQIDBQYABwj/xABCEAABAwIEAwYDBgMHAwUBAAABAgMRACEEBRIxQVFhBhMicYGRMqGxFEJSwdHwByNyFUNTYpLh8XOCsiQzk6LCFv/EABkBAAMBAQEAAAAAAAAAAAAAAAECAwQABf/EACcRAAICAgICAgICAwEAAAAAAAABAhEDIRIxQVEEEyIyYXEjQoEU/9oADAMBAAIRAxEAPwC0aflIiwgfSjMqdWV+GTbhVEFENiDwH0q67O5mGgokXP5V5Uf32Xa0XDeCW6CpwlN7DY9CaCxGXuIcCvjsars97SKWU91Ig369PKomM4ckKKt6tKcLJpBaM5caf1FECII6elS57mbDiAQT3iiJAn1mgMzxSHTKbEcfOs+6vSuTSOenE4s14lKBaq9/MARBMVWZtjJMCqd/EKKgKmoDWa/DZkq1ydO0ma02RdrEITpUiVzFuPLevOGcUJAJgcY5VpFuYfux3ShrkX600OUXaA2jZ4ogkJdSEpXJnryrK5u+3rW2hOoDY0f9vdxSkMWmJKp4DeiFdniVGDceUU005LSOTMGSsTaglpWkgixrUZowplelabHjwNZvMlEKkVCN9UUvRKnELI8QqoxzqpEA3ozArUZJNqdiHfwinWnoS7BsOyvhvR2AUEK/mCagGII8VQY50khQNdtumE0WHfSysOKEJNqizjMg4vQ1WecxK3AApRKQdqLwq/GCne1H6kh03RdZHlBW6gKQSDueA863isz0acM0ClQAvsNPnzoTKMyweHwxW84kLgkyb2GyRWVx/a3DONKcSopc4bhU7VohHjGycnbouznOHwOJCnL6gQqIJHGY/ZrLfxF7VN49aE4cHu0SZIiVHeAbwBWXd7zEq1qUfM0YxgwgAC9ByUVR1eRGsKBCj61dYhLO6BFr+dVq2phIqVeGKYCjvWZux1YveDkKSoThjzNdRtBNs3pKAOMD6UA6VIFzaoxiYSI5D6UHiswkRvStOxdEi8Vy2py8UItQbR1b1E6YVzFMoilgjEx61HmGKSRA+Kq0vCYm1Al/xGdqdQATYhZ4mgErk71I9faoSi9UVHBLSTNzapD4bhVRaYEUiBelasNGoyLHuo0uJMEWk8q9Mwv8xgO64O569K8Xw75+GbVqspzlaE6VklPCKMZ8ewMM7UYhx0FWyU9LmOtZDXqVvNbDGdrWlNlvu5tHT51j8O+ylWpZAg7b/v0pHFydrZyYQWYTtBoV1HCicXmja0goI9bfPaaqcS+SRNqRQkntDqgvuuBoRzDzelRirgCi0vDVEU6VDJka0JCZoLENuEaogcDRGJxocVBAAHKj1EOBKRtwruTj4A2Z5TE3WonzoY4e9XWLwwQfKoF4lKTMCqKbfQlELS1FPdcKuW0aUAJuape8K1WtWiawhbQCoXNSzdHA43k8KVbUqCpNLrJJtFRJWoqiairHQb3YrqFOMHMV1Dgw0KjMDp2tFDfaATUJVI9KFNq18VZINOM0m1KrHE7UFoMxXFsi9NxQNhZSFXO9Ilid6GQ8aND1JK0EhxO9qhJqUOCTNQuRFqKCStkxzpzKb0mHT4TReX6UmTegzhGWekmrnBMq0yqqs4jxSK0GDcLiCYgAflUm3RyWzNPYDEY1xacO3KEGFKsEhUcVHc9LmpE9gsRHidbT5aj+Qr0PK2A02hhqAhAgnipZ8TizzJUSfakzFQQCVrCRzJA+ta+SWkXhhTVs8wzPstiWElw6VoG5SZidiQbxQOEWSdCrcun7vXpDOObeStsLQ4IghKgbSN6Az3J2VNqUhIStKZB56bx63qtckQmuL0Y/DpCV709xy8ihFqkTO9EMtEJuLVmaQ6Iy0N6IwmLKSNO9CqB3pR4YNq5qwMtMzcKh4hBoDAYcFXiuKsS53iRO9aLKsI33cwCf9qS+KClZn8PlqSCoGINF4zHQ1qN4tVinLApXhtJqfGZUlDelV5pXvs6jK4LFaldKeoy5AolvCobcmLUHjHglcp2rqV6AnQisKmTXUEcUa6mpjWi0SlBA8hQuKb/DUuGTAvypHEwKVNqRMRjD7E07HqB2FSZenWsJ4caOzHCoPw8KHKnsNWZ/ENEAEUzCpJNHusqKT0oRskGwq3K1oDTQPiEkKqdoQFLVZKdzxk7ADiakQkLPi2F/aq/Ev61C3hk26C3ub38qeC5dgeh5xSlmEpJ5AVp8k7CvOgLeeLQOyQATHWbCqPDZiUKGlKUiNkjj5mSfevT8gzIOJG07HzimnJovihB9lI/2AWkS1iQs/hcRpnyWkn6UKwstJUhwFKkmFJO4PL8+RBBFjW1x+assR3qwkm4TcqI56RJjrWa7XOIe0PMgqV3SivYJU2i95MhwSY5gkHhE2lL+w5MdbiZ/FZi+rxJdcQqSQhKQlvfaTdzlJ9Km7QZa4t5k6StRQhRSuCnVFxBME9DRau0+GQlCEMhR0FS1eBKlHlqVzM+ggUNmXbHv1/yWgmQBqVrUoeSUEA+Zo1e0WTSVNkzmUYhBS+tATHJCEkDiDokBPST6Ufnb47tChqITBWE/FpUYkC03G3OOVVx7XOIhoklJskkeIdFAWP8AxVMnPSp/VHhjYGLI8diAYuLU0G6aJ5OPJMiz3CpSoKSoqC06kk7m5+L/ADRAPMgnjUOHxsp0EXAqLMMxD7moJ0J2CZmOJ+ZNNaPjAikf8kXJctDsO1INdAAhVHfZDwoj7CNMm5pORz6BMBiQjharvAZgCuJgVVMIBtRuEwgQdQpG0ImadDkCaFzHGJc4xFQuYnUIqkxxPA0i2FyIcTiBNVz7k1C9qBM1GHOdXUaFQSkCBaup7YsNthXV2xgjQrhtaoirxQavsIkFAkTAFAYzDp1TF6knsZ4wrJ8EdRIIirP7MBIilUUtJRG5F6GfxhBnhS9sHQNjcMuPDxtXZflKhOoRNFJzEGKIcx8xTbSA232Z7tElLLehMalTJ6D/AHNZxhP79f8AmrntKdTiTMgAj3qmbN/Y1rx6ihPJ2IXBHr9Yr0H+HeXgoDxVe8DgL79a86xV1Afu962PZDO1MJ0FFuR60mf9TV8ZfkazMsJjS5LLbKkGdXeLMq4alBIg9BNthFGf2W0nDFt1fd6UkLWggadQ8YBXqhJtboKhX2hCUCBc0Hl7aMZI7pLqwSSV/AibiSQbxwA9pEwjkuqNbxow2e5EGVtlh4LaclKFlIlKhfSseRsqLjhatrlOW5d3aFLE2BIexBgEbjukSg34TWe/ibhwypkNraUF3IaNkrbATeCbwRtG23PIDEpkEpM8fFY/K1a0nRicoxkzSdrhhEqUcMkCSmPQyYvYf7VRZJhS65pE3CgI3KikhIA5kkChsTiSsiwAHKvQv4RZCXHFYlY/lMmU2st3TYdQmZPUp608Ikpz5SMAxbexBgg2gixBB2O9XeFUkwRBIr2r+ysOpzvDh2S4qSV92jWSRvriZsL1NjMkZxDfduoSYAhSQEqCgLlKgLfQ0ksV9MKjR433/KjW3ElNanOf4drQnVhHO8PFtwhJP9KwAknoQPOvP8Y2+wvu3mltL/CsET1SdlDqJFQeJrtCthiEoBpVu+lV6nDY0S7gne71hNuJkUriKFtuxud65LYUd6pQuRM1JhMaQq9d9bOsZnTJSqRVctVXebOBSZqqwrJKudVXQV2KlNhS0b/ZGIP92flS0o1oustUEIEcaUMl5Wra9EIyVyBaxA+lIMM+lKkpTx3ms7lFPsfkOzN4RAvFvKqh3EeGONHfY8QJ/lmhXsE9/hG/lRUoiNgK3SnjXJxZvRD2XPRJbNCP5ZiD/dq9qaMo+wNgWMWSJPOglGCD+73qxx+BcbSO8SRvv5UA4mYH7/d61wacdCkYWAoahIn5TvWyzdLLTjQZd7xJbSq5uLkX89xWNUAaJZA7qUjS4yqFbeNCzY85SogHoscjS5IKSNGHJxZr2XwTVnhcnZcSpLjz4ZJktNrCUk7mQEyv1NYTD5gscjVxgu1CmhBRI+lZFCcHo3OUJLY7tzhcMhlj7Mh1KEKWnxyRKvF8R6A+wrKvYRUawlWmxmDEGYPyPsa0HaLtYcSz3AQACpKp5abiKXsVma2ipqPAudU7AFMSBE6pjb25bYP8bkedkjynUdlP2dydeLfQw3YqIlUWQnmevIcTX0JhcAjC4dGHaEJTCRztdRJ4km586x/Z/DhCVttoQhCVAyEwStQ1GYO4BTHmK1QxqlEa4Mcreu9PHJHpBWCV2yeSDIn4YHLUohI/M1ZsogAcqr0kEpVMgGfWIE+Wo0cV2o2NJD1Li25PAfuwpuKwyHUFt1CVoO6SJHpyPUXpGUxsd7lXPy/cU4qHD35/rTLfYjR4j2vwZwWJUyoakGFtq/EhRMT/AJgQUnynjVQvNXFJ7tBMHgBPntW8/jKz4MM7yU4j/UEqH/gao/4W4oJxfd6ArvE728Om/wA5rPLGlITkZEJKD4gR5gipm0BZEb16V/Fx4NtIa7sSs2V+HTB9687ylAuo1PLLgm0Cthn9nEpgkVAGFM+JN6NZ1KnSlSvKpP7NxCgR3ZjrFYlnne3obSObzl0geIbDhXUOnI8T/hj3FdV+cPZTmjW4TNkLCR3gSYH0o1DKFmQ9t5VhMoy1akyqUptB51Z4fLVpPxynlzrJkxRTeya40a8NEbOpI6xTgwo/fR8qzq8WLJAjrS4o6gAFwPOpcDtGpRg1ndaT6U5/LHD8Kk+1ZdnMEhVlKMVYMZk4bzA611e0FcQLthkDpwq16gpSIWBH4dwPSfevMXEKSSk7j5jgQeIIMg8a9VxGbrUmJ1TaK8yzNgIcKEk+EfCfu8QkdL7cJr0PhT04iuu0Bp3PvRuEWAojTJWhaReLlJAPmDBFCpAImp8GuFCbwQf1HrW19HR7JMEpJiaKxGHTuJ/KqxaNKiU/DPsOFWrDpUAkXUbCoTVOzdCXKNMoW0eKK2nZnKHHE96VFCUGxASSo9CReBx51Hiex7ikhbYBPEEwFbWB4GrTsZmCkOdwonuxZKVmSlQJ1JQrSJHCJO1qM58o2iePG4S2bLBltDYSnYepJNySTuTzNI5jxwqtzNQTcWqrw+O1bVj+yRuUVRo8PmZBngdx+fnarbA5kHVaZt4bcSCDbpcKnyNZDCla1hDY1KP05k8B1rQZfkqkYlEk6e6JMCy16jqBPAAFJHOfOtuOTkrMs4qJoziAd408Bz5E9OQ9b8Je9t+v+9yad3KQZAAPPc+5pi5HOtC0ZnRXZ3gGn0BLwCgk6gDePuz03rLYHD4LCY1KgQ2dJ4wLxV72vxqmMKt1KiZASBwlZCduYBJ9K82y2HlkuDVWPOmsqkgQjy/E13bReGzBSAh0ENElRSbXG01k9eCb8Ak0c7hQ2lehsiRwiqprLQESW7+lRyf5HbNH/ndeNGpwGYtpQAlIHKr1pQKRWCwLhghQiNqs386U2lIB4ViyY+P6kJRNZqRzpK8/V2gck3rqn9eX0LxLVGMCUAAiQBA9KqnMd4/EsDyoIhSANYkECmYhTak/DcVs+rYrRNh3FaiJ/pNPbkhXGKCyc/zBqnTerLEPqultPhm5inkvAYomyx7QmVATRq8aFpgWPMUA0pOiVpM1G1mEeFKLc6g9tnOOw8tFJGgyeM15++dTilz8RUfU3A+lazF5mRNr7ADiTYDzJMU/PuzjOHwvdqOvFLSkpTN0hN1wn7qQlJ8R3sK2fFtLZyxtmOIi9R97BpwUYsZ+vWo1JB4XraIWWCcSpYSv71vPka1OSYdKRCo8J8Kjvp5HyrHLXqbRAhbdjAiUzIMzcySNuVaDAa3CEiSTsB8zbYDcngAazZVo2/HZuklAaSsqlIc21xKtJAhH3vvX4QfSrEp0N91qAICVJj7twSDcGwmONQYV1Cw0EEkNpIJKUiVqVKikgaikwPiPoKuNNhBgjY1nbp0aatWMxx1NkG1ovvWdyLLX4XAAb1lIWSN7GAmdSjcCw9RW6wfZlTnifVY7IEpJH+Yi48gQeoqbNMlbQtpwAAJhuIIAC7pAAMJAUPM6t6vDC3G2I8iukSZHgksphJ1E7qPHhNuE2SPM33q7aX4tPECT01WT0kwaGaQEDwiT14cJP5D8pqfCJsSd1E342tf5+9aY6VIhPeydTCTzrgnSNz60moi3GoXXjyqiIuym7Xsd6wpsx4kqjf4kgKQbDmOYrA9lnUJBKxvtW5zfGnvEJ3gkkzEcAOnHff0rFYXBFJKRwJHsYqGXbDDTs07WKbI2pXcS3EaRVczh1RxqQYdXKp0i/JlZm5EDu0Wm9VmalOkEDhV8rDKvY1RZ8wUt7WrPkXoSSbKM4lfIUtOTixHwCurtEqRcYwBxsL0FJSBbnagFodhKjh1adxHGtNl2aocVBSAABHW1aBOLTphQAFG6LfXFmA70mAlopvetJhcdA09wTHHnV2ypoiYFE6URaJoc66HWOJm8VmCSILJB8qq8ZjUbpaUPStxLdyQLUJinGgkq0g+lK2rto5xj7MY7jGlBr+WoQskmNzoVp+cH0FFZ6hh1JcFlFJ1BOkalb6lGNROw34VpG+6Um6Ewbx++NY7tRhy04VpBCF+wVxHrBPvyp7f+ugxUemYYpInofKuUriD6UXj25VIi+89KFYZUonQJIBPoN62p2rMU4OLonZxZQUrTZSSCDY3Fwb2NaEZqHk+FttoFKUrKZK1FN1K1WjVaRHDqaEyjKFFta1NrXpSs6ACNh4VWuRPDiNq0n8NmmkhzUgeJaShZSCUg+HSVHa4HqaElyRXHcXs7IcsfdI7ps6LeNXhQPU/F5JmvRsoyVDMKJ1r/ABEQEn/Kn86eypQ3MjrUxfiljjjHZeU29B2qgsz8Takjcgx/V90+hioV4vrQeKxhiRc8B1qvIRRJ8BjAttK+YB9xVlhxCRwMCYi9Z/s7ljiW1BwjTKtBHI3BjkCfWKvi8kQDafr+tCJ02ukPWug31wCamdfSONU2a5mEaBaVqAT9VH0//QpyLBc0y8Ffe3CvxpE/9q0/eT86sMLgkEJUQJUATFxJEmDUuETMzcfu9CY5xWHAATqSZKb7dPnSZKSsEZUHjBpjhS/ZkxVIM+H3mz71EvNkE2SfKazPJEp9qL/7I3NQu4Fk+FSUnzis5jszCvhBEdabg82KTJTPmaR5VYPuiXn9mYb/AA0ewpKB/wD6If4afeuruUBvvgUOBwJSB5CicY2tY0hUCrVgo0pMcB9K5TqOVSaM1uuyjbw6xaSanQpYNWK3QNoqIuDe1LQLfsF7xV96gxAWq2oxyqwD45X5UwOBVdQOT9lcgLEXowPn4VBK0EQpKkhSVDeCCInkeFOUExPOmocTN65WFSa8kuMydsohptCJulaGmgRII31CLEggg7mshiOx7jCkuIUCEwbCSkgykkbEcDXoWWIloQkklSoi8iQIA8wSTYDzIolxgG0X8v1rXFyo2Rakk2QYNsLCXAbKAUOkiYtRCcOlPwpCQTqMCJPM/L2qtU8piRco5D7pNz6VF/bbarax70UylFu9jgna5qHvXFdBQK83w7QlS9ROyUgqJPIAbmn4T7Vi/hH2dr8Vis9BwB8pjnT7Z3QmNxKWyEqV4lGEoSNS1E8ki/rtVllGBKk6nUlE/wB2SNtvGUnc8gYjnwJyrJmsPJSmVHdajqWfNRvRq3SBtNMlQjl6JVOAW24dP9qCcX4ilVtW3IkbX4Hh1tUqMSlWyvQ0NiHUwdVhRbESocQSIO4+Y4GsX2qbWH2HN0yEg8lAyf8AUCkjyPKrnMs1UGl6LkSkK5EixPUfpUjWB77CpREqLba0f9RAt7wAf6jR70co+SxwS5g+VH4nDJebKFcdjxSeBFVeUxoCtUgxHMdKs23KfvTJSiY3McvWwdKxM/CofCryPPpQZZIMyIra9oW9WHNp8ST5XifnHrWJXbyrzc+PhKkRao7TTi2OJihy7eAkkCldWCJjfhUqYo6OtLTO+H4TXUaZxaNMKCEnoPpSqYBHU1O1iEFI42H0pFYhHKnaVlOKBl4QRuaE+ycZijHHxwEChX3vagK6ODHIkmm6dPOfOmHEwKQYjmKANCL1crUowhHHepA6SLUoSZrjjYdmmdLKb8DHlJP1J/Yo99kKuDHqb/rVR2WxmpotkwpBP+k3B63J+VH5nmLWGb1uKAAsOZO8Ac963QacEaoO0A4xrgpBEzeCU26gWrM5lh2WyVBYQsjSUhIUpQMEykiE7CCduEzRTGfOYlxAC1oSojwIMQNwNQglRFtxvwofMGA26sKglRUtJO5ClEqH/aTFrEaTxgJJrwaYS3TL/sd2fwymu/CPGSoEKUVFJHCTwI0mAAL7Vfi1torBZF2vZwj/AHTq9KHLKP3W1CdKjyB2J8jsKL7UdrAhejDrS8szIbUCEf1LFr8pmrRa4JkJXzabNY6BPx6SdjNp60I5mITAVpBIsZEKA5CvOm+0eKZUXFePWkpU2CLC1xadQiZqwZdaxraXAx4kHSufCRPiB8JG59Jmkcyqx2jR5jmTYbLh0EBQTxBk8o34e9VQaddSVQUI4SSSfQ7D92obC5cvDhwI1OBUrb7yFaVgRpITplJHqNJ51FhO2wxDRb7stvBTSYBlBClgEg7ggTY+5rlT7A1VGgZysN4Qpj75Ve/xK/4qzwCdLLCuXh9x+qRReOa/kLA4Jn/Tf8qiy4a8II30yPNJn8qokG9f9KnGNpaxBTOlK4Wnl4jcdPFPyqzaVNqB7VYfvMOl1N1N3PVCoCh/4n0NVOXZs5pCVLTA6HUeWozeP+ZoN0ydWa5I1JKVCUkEEHiCIPvWCzXDqZeUgyQDIPMESDWuwmYBX3hQ/abBBxvvQPEgX/oO/sb+RNTzx5w14IZIujJF4EWSq9N0A7gipErAhIVamFgG+o15xEX7P1NJSjDp/Ea6uOoVvEgJFjMD6UgfFV6XlQLcBf0p5WbTJqr7AFqftziov7QAsAKjQ4VeHTHU0iWtJkpkc6XoYndeBEx1qIqtqKgL7VKy2IuLUmkTCUetcmDQ1nFI+7JNPL61TFvIU3bZPrFSF50Aj32pqQW0OacWkiJBF5BIj1qfGf8AqEfzyo6dRCkkSSRyM38oqFGriZmpW0uW2iu5V0GE3HozOHzIsKQtvwlF06rzAgyNzItwtRvbbEuLKFuOSkplpTXwaSlJ0+I6pkgmSflFTnsqXnY7yArWpRIkiElQA2EW4m3WgmMuV3TjDqTqQ5qZMghUHxBIm0wd/wAXrWhNdm+NZFaBe02XYdpOFSlMLUiFqmStRKfGZ2+Ii3LpReDUG06UkDkNv+eFWPaZGFWpkrWXSEBJRpKQkyNQnnc+WmqHH5a4BLTqFp4AzqHQTvbnJtxp2/5Co1ei8wODLh+GxUBIUnwyYlV7J6irPD4L7Lin4VqZDSQpewK5nT5pB/8AtWRytbrSVlSz3kDQDFhcLBTsoER86idzJamy1MImY2HX5zak9oe6ps2rnanC/DrUbDxAcTb5C9VeHwbKdDzJSpK3CVEEG+qQD+GOVVmUZZI1KTuLDodvU1epyNKEBSQUqAvH3hvChxqi6Fi9npbYBEHYiq3sgf8A0yUndKnEHzS4oflR+BMoSeYB96EyMQrEI5PrP/yJQ79Vmr+iXhokwrYhbShI8SSOaTb6GsC9hC06tpUkpJE8xwPqIPrXoTg0u9FCfUWPy01XZ9gQVJdAv8KvSSk/UegoTjaBdOzPYTB6uBrQ5fhygGSSCIgm0HpTMK2Byo0UiVBbsy+NwAbWRHh4eR2/T0oBRSZArS51htbcjdMn04/r6GswhqLVgzY+MjJJUxvcj8X79q6pg35V1Q2KV2FbIAPQUWEAmoEyEJtIgbeVTtNqkE26VZ9gQi2wL0rqIvMp/Wp3dPGfOlSwk8SaVhoHOGAvqkRXNt8pFPfaG+1MQgcFH1NdZ1EgaO02py9IO01A2BcgmOddpJuFDrXAslUuTqSmBT21qg2NRB2NjMbilGMBEp9q46zQdlWSStZFkwgearn2AHvUTuTl5x5OoobChpCdMAgSSAQb7bRFXmRM6WG9pUNZjmoSPYQPSpMOnSDNySTHsI9wK2xguKRvwfjE89zfCllxTawMQdIURpggXAUrgnYid/DVFiVtmzbS0lO99UTeDa0V6w9kw0Ox/wC66DqX1IgAT90WA/U0Hg8oSyjShsFXWwniSdz6b/Og8VF1kTR5OrFIJ8ZT5agD9bURhmWlqEaUp4xKyfaa9AV2OZWouPDWs8Y0gdEpGwo3D9m2EfCiPImisddCOV9lDgdIA0NuLI2JGkexo/7M6vkke5/KrxvAITsD71MGh1+VM4tnWjNYlvFJTpQ+4AkQACE7RxSKdkWYYlAdUWw6sqTMr0bICQZ0q1GABw2rRLanhQWIy+Z0rUmd4i/nIruMl0wuUfKETmq3FoC2whQPBeuxHHwiOFXjjYWgg2BG54Hgfesti23GmlqSrxCIOlP4gDw5TTMGlxfjK1KVGylEpPSD8PmPntVotrsjLi+izZVzosKoNhSVHSbL/Cd/MfiHUesVJiH0tCVmOQ3J8hStpbFJFLAuSABvO1Zl1lOohJMSYHITYGmZvj3HBEaU8EjfzJ50KiZB1Rb51hzZVN0kQnKwgtV1d3S+ddUNC8WRYdfhHLSPpQzhVq3pcP8ACL/dHraklM33ot7EsiSomZBtx4GpNcQdUc5ojvUH73DhQ5LZvpk8qG2cSNPpV96anwxSrVb3odtSCbJOr2qdttQ8JMSb8fQVwyESUhJOw5UOtlM65M8uFFv4RImRYc7TQpULwExz4UG2c1XZ2mfEEQRG1vU1wwc8dPL9akGLEQUyTtAMGo3kueHS3b5UyTZzo0fY9K0uFrvdaNKlAcjIuOW5kVa4HMUu4pbSTPdAlUcDOlInn8R9KyGHfWCdJ0GCCRIMHfSrgeorQ9hMuQ13ykJjVoEyTMajuf6vnWzBO6iXxZKi0+zULFQrTU6qgVWtjIZoFdFPpJoUNYyelJq6U/XSFXSgdYwmmKTUhVTFUUBsqs8gMrkgCBc2iVAfnUOVpEb7U7tIR3KgogAlIv8A1A/lS5bh/COKbbGQeV+Vc+wRJ38Ol0eJII4SPnVJnKQlSEi3hP1/5rSkRvYVk86el4yCYA/X86z/ACP0EydEBSueYFMFpO1cUqKuG1h+tCOPKB8Vqw/0QosQ6eZ9qShPtx/YrqOjtkCWAY4kARvy5caeFr4CSduUVKrL3SAA06PCLhtRm24IFPYy97YNv+rao+lc4uzkD4fAkk6jHltRrGAbSSqbzxO9Soy92fE07HLSq/yphwbxkBlyJ4oVIHDhejUg6R2IISbATFQs6l/EQOux86V3L3lSAw6Dz0L9rimoyzEC0OT/ANNfttQphv0EOsqJ4q+dQrwyQLiCOf6VzWExQ+64d/7pfH0qF3K8QTGl29ye7V7SRXcWKEMPJA8Mmen0p/fwLqJ6HnUacA7Ed08f+xwRHpUTuWv3/kOnqEq/S9dUmFjy5q+IwPL9xWy7HtgYeRspaiPIQn8jWKGExCbBh2P6FH3tXoHZvDrThmgpCgYJIIMiVE8utafjRfLY0Ow81CamW0r8J9jURZV+FXsa3F7Q2kmnd0r8KvY0haV+FXsa460JfpSX6VxaX+FXsab3K/wq9jQDaEM8aYTSlhf4Vexpqml/gV7KrjrRQ9rHIbQBr1FwRoIBslW82I6HnUODQvTJhob6G41KPVcAD0HrU+e4FxxxoJS4CAoiEq0mSkQTFja1F4PLnLakK9jSyVsEWkhqWylJWskqNgJJieAn61l81cOtZNhMD2FarFtuLWEpbXAtOkxJ3O1Z7Gd+VuBLCyNRj+Wu4BImYrP8hfiiWR2VziuRPW01zgUCIIPnuKkRgXybMOjnKVD8qUYPETH2dwH+hf1islNEmQ6T1rqacsf/AMPEf6XP0rqFMXZ//9k='),
('pJ9i3hRlqfbcYeT89H4e1q2VQfI2', 'HillaryKim12@yahoo.com', 'HKim95', 'https://encrypted-tbn0.gstatic.com/images?q=tbn%3AANd9GcQLaB4YlwSXl3HIMFrNqcSdD6m14AkNgmujmw&usqp=CAU');

INSERT INTO POSTS
(user_id, pictures, content)
VALUES( 'pJ9i7hRlqfbcWeT69H4e1q2VQfI2', '/uploads/mamba.jpg', 'RIP to a Legend!'),
('pJ9i9hRlqfbcWeT69H4e1q2VQfI2', '/uploads/hike.jpg', 'Another great hike done today!'),
('pJ9i2hRlqfbcWeT69H4e1q2VQfI2', '/uploads/graduation.jpg', 'Congrats to the class of 2020! Despite this year and the hardship we all faced, I want to give a shoutout to everyone that worked hard!'),
('pJ9i1hRlqfbcWeT69H4e1q2VQfI2', '/uploads/pregnant.jpg', 'Just 4 more months before I become an Aunt!!!'),
('pJ9i1hRlqfbcYeT69H4e1q2VQfI2', '/uploads/art.jpg', 'went to the museum today and noticed this exquisite masterpiece!'),
('pJ9i4hRlqfbcYeT69H4e1q2VQfI2', '/uploads/ps5.jpg', 'Who else has the ps5 pre-oredered???!!! So HYPED!!!!'),
('pJ9i5hRlqfbcYeT69H4e1q2VQfI2', '/uploads/losangeles.jpg', 'What a view. So glad I got to visit'),
('pJ9i6hRlqfbcYeT69H4e1q2VQfI2', '/uploads/bills.jpg', 'Lets Go Bills!!!! 3-0 so far. Are we seeing superbowl 2021?'),
('pJ9i3hRlqfbcYeT79H4e1q2VQfI2', '/uploads/benz.jpg', 'New Whip Who dis?'),
('pJ9i3hRlqfbcYeT89H4e1q2VQfI2', '/uploads/icecream.jpg', 'Literally the best ice cream out there!!!!');




INSERT INTO comments
(commenters_id, post_id, content)
VALUES ('pJ9i2hRlqfbcWeT69H4e1q2VQfI2', '1', 'It was terrible to hear this news. I cannot believe this' ),
('pJ9i1hRlqfbcWeT69H4e1q2VQfI2', '1', 'Oh No!!!!'),
('pJ9i1hRlqfbcYeT69H4e1q2VQfI2', '1', 'RIP, I will never forget the talents he put in the game'),
('pJ9i2hRlqfbcWeT69H4e1q2VQfI2', '2', 'Hey, where was this hike done? Looks amazing!!!'),
('pJ9i1hRlqfbcYeT69H4e1q2VQfI2', '2', 'Glad you enjoyed the hike, my family and I went there last fall!'),
('pJ9i1hRlqfbcWeT69H4e1q2VQfI2', '2', 'FUN!'),
('pJ9i1hRlqfbcWeT69H4e1q2VQfI2', '3', 'Aww Congrats! I know how hard it must have been for you and your classmates but I am glad you all pulled through'),
('pJ9i1hRlqfbcYeT69H4e1q2VQfI2', '3', 'Ayeee congrats brodie!'),
('pJ9i5hRlqfbcYeT69H4e1q2VQfI2', '4', 'Congrats Sarah!!!!'),
('pJ9i3hRlqfbcYeT89H4e1q2VQfI2', '4', 'Kudos to you and your husband, any plans for names?'),
('pJ9i4hRlqfbcYeT69H4e1q2VQfI2', '5', 'I think I saw that picture too. It is pretty exquisite'),
('pJ9i9hRlqfbcWeT69H4e1q2VQfI2', '5', 'I had a quiz in my arts class about this exact painting. I failed...'),
('pJ9i3hRlqfbcYeT79H4e1q2VQfI2', '5', 'This pic is so ugly but I guess everyone has their own taste haha!'),
('pJ9i5hRlqfbcYeT69H4e1q2VQfI2', '6', 'I want it but I think I will wait a few more weeks after the release so I do not have to wait in extreme lines'),
('pJ9i3hRlqfbcYeT89H4e1q2VQfI2', '6', 'I plan to surprise my boyfriend with one... So glad he doesnt have this app or else he would know!'),
('pJ9i9hRlqfbcWeT69H4e1q2VQfI2', '7', 'I visited in 2018. One of the best experiences of my life!'),
('pJ9i1hRlqfbcYeT69H4e1q2VQfI2', '7', 'Hey! If you want any good restaurants, you HMU I can show you some nice ares'),
('pJ9i6hRlqfbcYeT69H4e1q2VQfI2', '7', 'Go To Venice Beach!!!!'),
('pJ9i3hRlqfbcYeT89H4e1q2VQfI2', '8', 'They lost 4 consecutives super bowl in a row smh, they are going to choke if they come close to it this year'),
('pJ9i1hRlqfbcWeT69H4e1q2VQfI2', '8', 'They have Josh Allen and a much better defense now. Lets not compare things to 30 years back. Go Bills!!!!'),
('pJ9i6hRlqfbcYeT69H4e1q2VQfI2', '9', 'Yoooo thats such a dope car. What year is it?'),
('pJ9i4hRlqfbcYeT69H4e1q2VQfI2', '9', 'Time for you to start picking people up now hahahaha!!!!'),
('pJ9i3hRlqfbcYeT79H4e1q2VQfI2', '10', 'Is this the location in manhattan? It looks so good'),
('pJ9i7hRlqfbcWeT69H4e1q2VQfI2', '10', 'I tried the strawberry flavored one. It was absolutely delicious'),
('pJ9i4hRlqfbcYeT69H4e1q2VQfI2', '10', 'Please pleasse please tell me where this is!!!!!');



